code, name, district_id
1201011001,Pasar Batu Gerigis,120101
1201011002,Padang Masiang,120101
1201012003,Kampung Solok,120101
1201012004,Pasar Terandam,120101
1201012005,Sigambo Gambo,120101
1201012006,Ujung Batu,120101
1201012007,Kinali,120101
1201012008,Kampung Mudik,120101
1201012009,Aek Dakka,120101
1201012010,Patupangan,120101
1201012011,Gabungan Hasang,120101
1201012017,Bungo Tanjung,120101
1201012018,Kedai Gedang,120101
1201021001,Sorkam,120102
1201021002,Pargarutan,120102
1201021004,Tarutung Bolak,120102
1201021009,Naipospos Barat,120102
1201022003,Teluk Roban,120102
1201022005,Fajar,120102
1201022006,Pardamean,120102
1201022007,Pelita,120102
1201022008,Rianiate,120102
1201022010,Gonting Mahe,120102
1201022011,Dolok Pantis,120102
1201022014,Pea Raja,120102
1201022015,Bottot,120102
1201022016,Sorkam Tengah,120102
1201022017,Sorkam Kiri,120102
1201022018,Pananggahan,120102
1201022019,Pagaran Julu,120102
1201022020,Hite Urat,120102
1201022021,Sihapas,120102
1201022022,Nauli,120102
1201022023,Muara Nauli,120102
1201031001,Pandan,120103
1201031002,Hajoran,120103
1201031003,Aek Tolang,120103
1201031004,Lubuk Tukko,120103
1201031005,Sibuluan Indah,120103
1201031006,Sibuluan Nauli,120103
1201031011,Aek Sitio-tio,120103
1201031012,Sibuluan Raya,120103
1201031013,Kalangan,120103
1201031016,Pandan Wangi,120103
1201031017,Lubuk Tukko Baru,120103
1201031018,Sibuluan Baru,120103
1201031019,Sibuluan Terpadu,120103
1201031020,Sihaporas Nauli,120103
1201031021,Pasar Baru,120103
1201031022,Budi Luhur,120103
1201031023,Kalangan Indah,120103
1201031024,Mangga Dua,120103
1201031025,Muara Nibung,120103
1201031026,Hajoran Indah,120103
1201032014,Aek Garut,120103
1201032015,Sitio-Tio Hilir,120103
1201041001,Pinangsori,120104
1201041004,Sitonong Bangun,120104
1201041007,Pinangbaru,120104
1201041009,Albion Prancis,120104
1201041010,Sori Nauli,120104
1201042002,Gunung Marijo,120104
1201042003,Sihaporas,120104
1201042005,Toga Basir,120104
1201042006,Parjalihotan Baru,120104
1201042008,Danau Pandan,120104
1201051001,P.O. Manduamas,120105
1201051003,Binjohara,120105
1201051020,Perluasan,120105
1201052002,Saragih,120105
1201052004,Pagaran Nauli,120105
1201052005,Sarma Nauli,120105
1201052006,Manduamas Lama,120105
1201052007,Tumba,120105
1201052008,Tumba Jae,120105
1201052009,Lae Monong,120105
1201052010,Saragih Barat,120105
1201052011,Saragih Timur,120105
1201052012,Binjohara Uruk,120105
1201052013,Binjohara Baru,120105
1201052014,Tumba Nauli,120105
1201052015,Manduamas Baru,120105
1201052016,Muara Tapus,120105
1201052017,Pagaran Baru,120105
1201052018,Parsihotangan,120105
1201052019,Tambahan Nanjur,120105
1201061006,P.O. Hurlang,120106
1201061007,Kolang Nauli,120106
1201062001,Unte Mungkur IV,120106
1201062002,Unte Mungkur III,120106
1201062003,Unte Mungkur II,120106
1201062004,Unte Mungkur I,120106
1201062005,Satahi Nauli,120106
1201062008,Hurlang Muara Nauli,120106
1201062009,Sipakpahi Aek Lobu,120106
1201062010,Hodopa Nauli,120106
1201062011,Makarti Nauli,120106
1201062012,Rawa Makmur,120106
1201062013,Simarpinggang,120106
1201062014,Pargaringan,120106
1201071001,Tapian Nauli II,120107
1201072002,Tapian Nauli I,120107
1201072003,Tapian Nauli III,120107
1201072004,Tapian Nauli IV,120107
1201072005,Aloban Bair,120107
1201072006,Mela Dolok,120107
1201072007,Mela I,120107
1201072008,Mela II,120107
1201072009,Bair,120107
1201081002,Sibabangun,120108
1201082005,Mombang Boru,120108
1201082006,Anggoli,120108
1201082007,Muara Sibuntuon,120108
1201082008,Sibio bio,120108
1201082010,Simanosor,120108
1201082011,Hutagur-gur,120108
1201091001,Sosor Gadong,120109
1201092002,Unte Boang,120109
1201092003,Sibintang,120109
1201092004,Barambang,120109
1201092005,Siantar Ca.,120109
1201092006,Muara Bolak,120109
1201092007,Huta Tombak,120109
1201092008,Siantar Dolok,120109
1201092009,Baringin,120109
1201101001,Sorkam Kanan,120110
1201101019,Binasi,120110
1201102002,Sipea Pea,120110
1201102003,Pahieme I,120110
1201102004,Pasar Sorkam,120110
1201102005,Aek Raso,120110
1201102006,Pasaribu Tobing Jae,120110
1201102014,Maduma,120110
1201102016,Sidikalang,120110
1201102017,Pahieme II,120110
1201102018,Sorkam Kanan,120110
1201102020,Madani,120110
1201111001,Bajamas,120111
1201112002,Sampang Maruhur,120111
1201112003,Siordang,120111
1201112004,Pardomuan,120111
1201112005,Simpang III Lae,120111
1201112006,Sigodung,120111
1201112007,Masnauli,120111
1201112008,Muara Ode,120111
1201121007,Rina Bolak,120112
1201122001,Sijungkang,120112
1201122002,Pangaribuan,120112
1201122003,Sogar,120112
1201122004,Sirami Ramian,120112
1201122005,Sigolang,120112
1201122006,Sosor Gonting,120112
1201122008,Bondar Sihudon I,120112
1201122009,Uratan,120112
1201122010,Ladang Tengah,120112
1201122011,Lobu Tua,120112
1201122012,Bondar Sihudon II,120112
1201122013,Sitiris-Tiris,120112
1201122014,Sawah Lamo,120112
1201131003,Nauli,120113
1201132001,Bonandolok,120113
1201132002,Rampa,120113
1201132004,Mardame,120113
1201132005,Naga Timbul,120113
1201132006,Simaninggir,120113
1201141001,Tukka,120114
1201141002,Bona Lumban,120114
1201141003,Huta Nabolon,120114
1201141007,Sipange,120114
1201141009,Aek Tolang Induk,120114
1201142004,Sigiring Giring,120114
1201142005,Tapian Nauli/ Saurmanggita,120114
1201142006,Sait Kalangan II,120114
1201142008,Aek Bottar,120114
1201151001,Hutabalang,120115
1201151002,Lopian,120115
1201152003,Jago Jago,120115
1201152004,Aek Horsik,120115
1201152005,Gunung Kelambu,120115
1201152006,Kebun Pisang,120115
1201152007,Lubuk Ampolu,120115
1201152008,Pagaran Honas,120115
1201152009,Sitardas,120115
1201162001,Suga Suga Hutagodang,120116
1201162002,Suka Maju,120116
1201162003,Makmur,120116
1201162004,Pasaribu Tobing,120116
1201162005,Aek Nadua,120116
1201162006,Simargarap,120116
1201162007,Sidaling,120116
1201162008,Sipakpahi,120116
1201162009,PO Simargarap,120116
1201172001,Hutaginjang,120117
1201172002,Sihorbo,120117
1201172003,Parik Sinomba,120117
1201172004,Purba Tua,120117
1201172005,Pananggahan,120117
1201172006,Siharbangan,120117
1201182001,Pulo Pakkat,120118
1201182002,Tebing Tinggi,120118
1201182003,Pulo Pakkat II,120118
1201182004,Janji Maria,120118
1201182005,Sihadatuon,120118
1201182006,Sihapas,120118
1201191001,Lumut,120119
1201192002,Aek Gambir,120119
1201192003,Masundung,120119
1201192005,Lumut Nauli,120119
1201192006,Lumut Maju,120119
1201192007,Sialogo,120119
1201201001,Sibuluan Nalambok,120120
1201201002,Sarudik,120120
1201201004,Pasir Bidang,120120
1201201005,Pondok Batu,120120
1201202003,Sipan,120120
1202011001,Partoli Toruan,120201
1202011002,Hutatoruan V,120201
1202011003,Hutatoruan VI,120201
1202011004,Hutatoruan VII,120201
1202011005,Hutatoruan IX,120201
1202011006,Hutatoruan X,120201
1202011007,Hutatoruan XI,120201
1202012008,Parbubu I,120201
1202012009,Parbubu II,120201
1202012010,Hutapea Banuarea,120201
1202012011,Siandor-andor,120201
1202012012,Hutauruk,120201
1202012013,Hapoltahan,120201
1202012014,Parbubu Dolok,120201
1202012015,Aek Siansimun,120201
1202012016,Htgalung Siwaluompo,120201
1202012017,Parbubu Pea,120201
1202012018,Hutatoruan IV,120201
1202012019,Sosunggulon,120201
1202012020,Hutatoruan VIII,120201
1202012021,Simamora,120201
1202012022,Parbaju Toruan,120201
1202012023,Parbaju Julu,120201
1202012024,Parbaju Tonga,120201
1202012025,Sitampurung,120201
1202012026,Siraja Oloan,120201
1202012027,Jambur Nauli,120201
1202012028,Sihujur,120201
1202012029,Partali Julu,120201
1202012030,Hutatoruan I,120201
1202012031,Hutatoruan III,120201
1202022001,Siraja Hutagalung,120202
1202022002,Pansur Napitu,120202
1202022003,Simanampang,120202
1202022004,Sidagal,120202
1202022005,Simarakir Julu,120202
1202022006,Enda Portibi,120202
1202022007,Simorangkir Habinsaran,120202
1202022008,Sangkaran,120202
1202022009,Lumban Siagian Jae,120202
1202022010,Lumban Siagian Julu,120202
1202022011,Sitompul,120202
1202022012,Lobu Hole,120202
1202032001,Dolok Nauli,120203
1202032002,Pansurbatu,120203
1202032003,Pardomuan Nauli,120203
1202032004,Siantar Naipospos,120203
1202032005,Sibalanga,120203
1202032006,Pagaran Lambung III,120203
1202032007,Pagaran Lambung IV,120203
1202032008,Adian Koting,120203
1202032009,Pangaran Pisang,120203
1202032010,Banuaji IV,120203
1202032011,Banuaji I,120203
1202032012,Banuaji II,120203
1202032013,Pangaran Lambung I,120203
1202032014,Pangaran Lambung II,120203
1202032015,Pansurbatu I,120203
1202032016,Pansurbatu II,120203
1202041001,Situmeang Habinsaran,120204
1202042002,Hutauruk,120204
1202042003,Simanungkalit,120204
1202042004,Situmeang Hasundutan,120204
1202042005,Sipahutar,120204
1202042007,Tapian Nauli,120204
1202042008,Huta Raja,120204
1202042009,Lobu Singkam,120204
1202042010,Rura Julu Dolok,120204
1202042011,Rura Julu Toruan,120204
1202042012,Hutaraja Hasundutan,120204
1202042013,Pagarbatu,120204
1202042014,Hutaraja Simanungkalit,120204
1202042015,Hutauruk Hasundutan,120204
1202051001,Onan Hasang,120205
1202052002,Simasom,120205
1202052003,Janji Natogu,120205
1202052004,Pagur Dotan,120205
1202052005,Sibaganding,120205
1202052006,Lumban Garaga,120205
1202052007,Sitolu Ama,120205
1202052008,Lumban Tonga,120205
1202052009,Lumban Dolok,120205
1202052010,Simataniari,120205
1202052011,Lumban Jaean,120205
1202052012,Huta Barat,120205
1202052013,Lontung Dolok,120205
1202052014,Simanampang,120205
1202052015,Lobu Pining,120205
1202052016,Pantis,120205
1202052017,Lumban Gaol,120205
1202052018,Simardangiang,120205
1202052019,Simasom Toruan,120205
1202061001,Sarulla,120206
1202062002,Tordolok Nauli,120206
1202062003,Sigurung-gurung,120206
1202062004,Silangkitang,120206
1202062005,Sitoluompu,120206
1202062006,Siopat Bahal,120206
1202062007,Pardomuan Nainggolan,120206
1202062008,Nahornop Marsada,120206
1202062009,Parsaoran Samosir,120206
1202062010,Suka Maju,120206
1202062011,Setia,120206
1202062012,Parsaoran Nainggolan,120206
1202062013,Pardamean Nainggolan,120206
1202072001,Silosung,120207
1202072002,Dolok Sanggul,120207
1202072003,Simangumban Jae,120207
1202072004,Aek Nabara,120207
1202072005,Dolok Saut,120207
1202072006,Simangumban Julu,120207
1202072007,Lobu Sihim,120207
1202072008,Pardomuan,120207
1202082001,Sidua Bahal,120208
1202082002,Sibulan Bulan,120208
1202082003,Bonani Dolok,120208
1202082004,Pardomuan J.Angkola,120208
1202082005,Hutanagodang,120208
1202082006,Robean,120208
1202082007,Janji Nauli,120208
1202082008,Selamat,120208
1202082009,Purba Tua,120208
1202082010,Sitolu Bahal,120208
1202082011,Parsaoran J. Angkola,120208
1202091001,Pasar Siborongborong,120209
1202092002,Siborongborong I,120209
1202092003,Siborongborong II,120209
1202092004,Sitampurung,120209
1202092005,Sitabotabo,120209
1202092006,Bahal Batu I,120209
1202092007,Bahal Batu II,120209
1202092008,Bahal Batu III,120209
1202092009,Lobu Siregar I,120209
1202092010,Lobu Siregar II,120209
1202092011,Pohan Julu,120209
1202092012,Pohan Tonga,120209
1202092013,Pohan Jae,120209
1202092014,Paniaran,120209
1202092015,Parik Sabungan,120209
1202092016,Hutabulu,120209
1202092017,Lumban Tonga Tonga,120209
1202092018,Sigumbang,120209
1202092019,Siaro,120209
1202092020,Silait-Lait,120209
1202092021,Sitabotabo Toruan,120209
1202102001,Simamora Hasibuan,120210
1202102002,Lumban Julu,120210
1202102003,Pagaran,120210
1202102004,Sibaragas,120210
1202102005,Sipultak,120210
1202102006,Lubis,120210
1202102007,Banualuhu,120210
1202102008,Parhorboan,120210
1202102009,Lumban Motung,120210
1202102010,Lumban Ina Ina,120210
1202102011,Doloksaribu,120210
1202102012,Lumban Silintong,120210
1202102013,Sipultak Dolok,120210
1202102014,Hasibuan,120210
1202112001,Manalu,120211
1202112002,Manalu Purba,120211
1202112003,Manalu Dolok,120211
1202112004,Hutajulu,120211
1202112005,Aek Raja,120211
1202112006,Hutatinggi,120211
1202112007,Lobusunut,120211
1202112008,Sisordak,120211
1202112009,Pertengahan,120211
1202112010,Hutatua,120211
1202112011,Hutajulu Parbalik,120211
1202112012,Horisan Ranggitgit,120211
1202112013,Purba Dolok,120211
1202112014,Batuarimo,120211
1202122001,Sabungannihuta IV,120212
1202122002,Sabungannihuta I,120212
1202122003,Sipahutar I,120212
1202122004,Sipahutar II,120212
1202122005,Sipahutar III,120212
1202122006,Onan Runggu I,120212
1202122007,Tapian Nauli III,120212
1202122008,Onan Runggu III,120212
1202122009,Siabal-abal III,120212
1202122010,Siabal-abal I,120212
1202122011,Aek Nauli II,120212
1202122012,Tapian Nauli II,120212
1202122013,Sabungannihuta III,120212
1202122014,Onan Runggu IV,120212
1202122015,Siabal-abal II,120212
1202122016,Aek Nauli I,120212
1202122017,Aek Nauli III,120212
1202122018,Onan Runggu II,120212
1202122019,Tapian Nauli I,120212
1202122020,Sabungannihuta II,120212
1202122021,Sabungannihuta V,120212
1202122022,Siabal-abal IV,120212
1202122023,Aek Nauli IV,120212
1202122024,Siabal-abal V,120212
1202122025,Siabal-abal VI,120212
1202132001,Pakpahan,120213
1202132002,Sampagul,120213
1202132003,Godung Borotan,120213
1202132004,Parratusan,120213
1202132005,Lumban Siregar,120213
1202132006,Sigotom Julu,120213
1202132007,Rahut Bosi,120213
1202132008,Batu Nadua,120213
1202132009,Silantom Tonga,120213
1202132010,Silantom Julu,120213
1202132011,Pansurnatolu,120213
1202132012,Parlombuan,120213
1202132013,Purbatua,120213
1202132014,Lumban Sinaga Simatupang,120213
1202132015,Batumanumpak,120213
1202132016,Sibingke,120213
1202132017,Najumambe,120213
1202132018,Parsibarungan,120213
1202132019,Harianja,120213
1202132020,Silantom Jae,120213
1202132021,Padang Parsadaan,120213
1202132022,Parsorminan I,120213
1202132023,Hutaraja,120213
1202132024,Rahut Bosi Onan,120213
1202132025,Sigotom Timur,120213
1202132026,Sigotom Dolok Nauli,120213
1202142001,Garoga Sibargot,120214
1202142002,Lontung Jae I,120214
1202142003,Parsosoran,120214
1202142004,Padang Siandomang,120214
1202142005,Sibaganding,120214
1202142006,Sirmpang Bolon,120214
1202142007,Gonting Garoga,120214
1202142008,Lontung Jae II,120214
1202142009,Gonting Salak,120214
1202142010,Sibalanga,120214
1202142011,Aek Tangga,120214
1202142012,Parinsoran,120214
1202142013,Parmanuhan,120214
1202152001,Hutanagodang,120215
1202152002,Unte Mungkur,120215
1202152003,Hutalontung,120215
1202152004,Hutaginjang,120215
1202152005,Dolok Matumbur,120215
1202152006,Mariba Ni Aek,120215
1202152007,Sampuran,120215
1202152008,Silando,120215
1202152009,Sibandang,120215
1202152010,Simatupang,120215
1202152011,Silali Toruan,120215
1202152012,Batubinumbun,120215
1202152013,Sitanggor,120215
1202152014,Papande,120215
1202152015,Aritonang,120215
1203011001,Sitinjak,120301
1203011003,Simatorkis Sisoma,120301
1203012002,Panobasan,120301
1203012004,Siuhom,120301
1203012005,Sigumuru,120301
1203012006,Sibangkua,120301
1203012007,Sisundung,120301
1203012008,Aek Nabara,120301
1203012011,Parsalakan,120301
1203012015,Sitaratoit,120301
1203012016,Sialogo,120301
1203012024,Lembah Lubuk Raya,120301
1203012031,Lobu Layan,120301
1203012035,Panobasan Lombang,120301
1203021001,Wek I,120302
1203021002,Wek II,120302
1203021011,Perkebunan Batang Toru,120302
1203021030,Padang Lancat,120302
1203021032,Aek Pining,120302
1203022003,Garoga,120302
1203022004,Huta Godang,120302
1203022005,Batu Horing,120302
1203022008,Batu Hula,120302
1203022009,Sumuran,120302
1203022015,Napa,120302
1203022016,Wek IV,120302
1203022017,Hapesong Baru,120302
1203022018,Telo,120302
1203022019,Wek III,120302
1203022020,Perkebunan Sigala-Gala,120302
1203022021,Perkebunan Hapesong,120302
1203022022,Hapesong Lama,120302
1203022023,Sipenggeng,120302
1203022025,Sianggunan,120302
1203022026,Huta Baru,120302
1203022036,Aek Ngadol Sitinjak,120302
1203022037,Sisipa,120302
1203031098,Pasar Pargarutan,120303
1203031099,Batang Tura Sirumambe,120303
1203032003,Panompuan Jae,120303
1203032004,Pargarutan Tonga,120303
1203032008,Huraba,120303
1203032012,Marisi,120303
1203032013,Pargarutan Julu,120303
1203032014,Huta Ginjang,120303
1203032069,Lantosan Rogas,120303
1203032079,Sijungkang,120303
1203032083,Pargarutan Jae,120303
1203032094,Panompuan,120303
1203032095,Pargarutan Dolok,120303
1203032096,Sanggapati,120303
1203032097,Pall XI,120303
1203041001,Pasar Sipirok,120304
1203041003,Hutasuhut,120304
1203041004,Baringin,120304
1203041005,Bunga Bondar,120304
1203041061,Parau Sorat,120304
1203041114,Sipirok Godang,120304
1203042010,Bagas Lombang,120304
1203042017,Batu Satail,120304
1203042025,Hasang Marsada,120304
1203042034,Janji Mauli,120304
1203042048,Paran Julu,120304
1203042051,Pangaribuan,120304
1203042052,Pargarutan,120304
1203042054,Panaungan,120304
1203042059,Padang Bujur,120304
1203042060,Paran Padang,120304
1203042064,Pangurabaan,120304
1203042068,Ramba Sihasur,120304
1203042069,Tolang,120304
1203042072,Sampean,120304
1203042075,Simaninggir,120304
1203042076,Sibadoar,120304
1203042085,Sialagundi,120304
1203042096,Bulu Mario,120304
1203042097,Barnang Koling,120304
1203042101,Dolok Sordang Julu,120304
1203042102,Situmba Julu,120304
1203042103,Situmba,120304
1203042104,Kilang Papan,120304
1203042105,Sialaman,120304
1203042106,Paran Dolok Mardomu,120304
1203042107,Batang Tura Julu,120304
1203042108,Batang Tura,120304
1203042109,Dolok Sordang,120304
1203042110,Pahae Aek Sagala,120304
1203042111,Marsada,120304
1203042112,Luat Lombang,120304
1203042113,Aek Batang Paya,120304
1203042115,Saba Batang Miha,120304
1203042116,Sarogodung,120304
1203051001,Pasar Sipagimbar,120305
1203051080,Aek Simotung,120305
1203052018,Simangambat,120305
1203052069,Sidapdap Simanosor,120305
1203052070,Saut Banua Simanosor,120305
1203052071,Damparan Haunatas,120305
1203052072,Somba Debata Purba,120305
1203052073,Padang Mandailing Garugur,120305
1203052074,Ulu Mamis Situnggaling,120305
1203052075,Parau Sorat Sitabo-tabo,120305
1203052076,Pintu Padang Mandalasena,120305
1203052077,Sunge Sigiring-giring,120305
1203052078,Silangkitang  Tambiski,120305
1203052079,Batang Parsuluman,120305
1203061001,Simarpinggan,120306
1203061007,Napa,120306
1203061014,Tapian Nauli,120306
1203061019,Pardomuan,120306
1203062004,Situmbaga,120306
1203062005,Sinyior,120306
1203062006,Pintu Padang,120306
1203062008,Sibong-bong,120306
1203062009,Siamporik Dolok,120306
1203062010,Siamporik Lombang,120306
1203062011,Sihopur,120306
1203062012,Tandihat,120306
1203062013,Perkebunan,120306
1203062015,Aek Natas,120306
1203062016,Dolok Godang,120306
1203062017,Sihuik-huik,120306
1203062018,Gunung Baringin,120306
1203071001,Sigalangan,120307
1203071060,Pintu Padang I,120307
1203071061,Pintu Padang II,120307
1203071068,Bangun Purba,120307
1203072005,Aek Nauli,120307
1203072016,Sidadi I,120307
1203072018,Janji Manaon,120307
1203072020,Sitampa Simatoras,120307
1203072021,Pasar Lama,120307
1203072027,Benteng Huraba,120307
1203072029,Padang Kahombu,120307
1203072030,Sorik,120307
1203072045,Sibulele Muara,120307
1203072047,Bargot Topong,120307
1203072053,Sigulang Losung,120307
1203072055,Hurase,120307
1203072057,Sorimadingin PP,120307
1203072058,Huta Padang,120307
1203072062,Tahalak Ujung Gading,120307
1203072063,Sidadi II,120307
1203072067,Aek Gunung,120307
1203141039,Arse,120314
1203141040,Lancat,120314
1203142028,Sipogu,120314
1203142032,Pinagar,120314
1203142033,Pardomuan,120314
1203142034,Aek Haminjon,120314
1203142035,Nanggar Jati Huta,120314
1203142036,Nanggar Jati,120314
1203142037,Natambang Roncitan,120314
1203142038,Dalihan Natolu,120314
1203201004,Pasar Sempurna,120320
1203202002,Huraba,120320
1203202014,Gunung Binanga,120320
1203202015,Marancar Godang,120320
1203202016,Simaninggir,120320
1203202023,Sugi,120320
1203202028,Haunatas,120320
1203202032,Aek Nabara,120320
1203202033,Gapuk Tua,120320
1203202034,Marancar Julu,120320
1203202035,Aek Sabaon,120320
1203202036,Tanjung Dolok,120320
1203211063,Sayur Matinggi,120321
1203212003,Janji Mauli Baringin,120321
1203212004,Mondang,120321
1203212005,Sialang,120321
1203212006,Sipange Julu,120321
1203212007,Sipange Godang,120321
1203212008,Tolang Julu,120321
1203212009,Tolang Jae,120321
1203212012,Bange,120321
1203212013,Bulu Gading,120321
1203212018,Aek Libung,120321
1203212023,Aek Badak Jae,120321
1203212024,Aek Badak Julu,120321
1203212026,Huta Pardomuan,120321
1203212056,Sipange Siunjam,120321
1203212057,Silaiya,120321
1203212058,Somanggal,120321
1203212059,Lumban Huayan,120321
1203212062,Silaiya Tanjung Leuk,120321
1203222003,Sigolang,120322
1203222005,Biru,120322
1203222008,Tapus Godang,120322
1203222017,Lobu Tayas,120322
1203222020,Silangkitang,120322
1203222033,Sihulambu,120322
1203222043,Tolang,120322
1203222044,Tapus Sipagabu,120322
1203222045,Huta baru,120322
1203222046,Aek Latong,120322
1203222047,Aek Urat,120322
1203222048,Gorahut,120322
1203291002,Hutaraja,120329
1203291008,Muara Manompas,120329
1203291009,Muara Ampolu,120329
1203292001,Bandar Hapinis,120329
1203292003,Pardamean,120329
1203292004,Tarapung Raya,120329
1203292007,Muara Opu,120329
1203292010,Simarlelan,120329
1203292011,Muara Huta Raja,120329
1203301001,Panabari Hutatonga,120330
1203302002,Aek Uncim,120330
1203302003,Panindoan,120330
1203302004,Aek Kahombu,120330
1203302005,Batu Horpak,120330
1203302006,Situmba,120330
1203302007,Purba Tua,120330
1203302008,Lumban Jabi-jabi,120330
1203302009,Ingul Jae,120330
1203302010,Sisoma,120330
1203302011,Lumban Ratus,120330
1203302012,Kota Tua,120330
1203302013,Simaninggir Tano Tombangan,120330
1203302014,Huta Raja,120330
1203302015,Harean,120330
1203302016,Aek Parupuk,120330
1203302017,Tanjung Medan,120330
1203311001,Sangkunur,120331
1203311002,Rianiate,120331
1203312003,Simatohir,120331
1203312004,Perkebunan,120331
1203312005,Bandar Tarutung,120331
1203312006,Aek Pardomuan,120331
1203312007,Tindoan Laut,120331
1203312008,Simataniari,120331
1203312009,Batu Godang,120331
1203312010,Malombu,120331
1203321001,Bintuju,120332
1203321002,Huta Tonga,120332
1203322003,Basilam Baru,120332
1203322004,Sipangko,120332
1203322005,Huta Holbung,120332
1203322006,Muara Tais I,120332
1203322007,Muara Tais II,120332
1203322008,Muara Tais III,120332
1203322009,Janji Mauli MT,120332
1203322010,Pargumbangan,120332
1203322011,Pangaribuan,120332
1203322012,Pasir Matogu,120332
1203322013,Sori Manaon,120332
1203322014,Muara Purba Nauli,120332
1203322015,Tatengger,120332
1204052001,Ononamolo I Bot,120405
1204052021,Dima,120405
1204052022,Sinarikhi,120405
1204052024,Sisobalauru,120405
1204052025,Tuhegafoa II,120405
1204052027,Fadoro Lauru,120405
1204052030,Hiliduho,120405
1204052033,Onozitolidulu,120405
1204052040,Onowaembo Hiligara,120405
1204052041,Silimabanua,120405
1204052042,Ombolata Sisarahili,120405
1204062006,Hiliotalua,120406
1204062008,Akhelauwe,120406
1204062016,Hilisebua,120406
1204062017,Somi,120406
1204062018,Sirete,120406
1204062019,Hiliweto Gido,120406
1204062022,Sisobahili,120406
1204062023,Lahemo,120406
1204062024,Ladea,120406
1204062027,Umbu,120406
1204062028,Soewe,120406
1204062029,Lolozasai,120406
1204062030,Lasara Idanoi,120406
1204062050,Lasela,120406
1204062051,Ladea Orahua,120406
1204062054,Hilizoi,120406
1204062056,Olindrawa Sisarahili,120406
1204102005,Hilimoasio,120410
1204102007,Laowo Hilimbaruzo,120410
1204102009,Tuhewaebu,120410
1204102014,Sisobahili Iraonohura,120410
1204102015,Bozihona,120410
1204102016,Oladano,120410
1204102017,Ahedano,120410
1204102019,Hilionozega,120410
1204102020,Mondrali,120410
1204102022,Tetehosi,120410
1204102023,Saiwahili Hiliadulo,120410
1204102025,Biouti,120410
1204102026,Awoni Lauso,120410
1204102028,Sandruta,120410
1204102029,Laira,120410
1204102030,Otalua,120410
1204102031,Baruzo,120410
1204102032,Orahili Zuzundrao,120410
1204102036,Hilimoasio Dua,120410
1204102037,Biouti Timur,120410
1204112002,Sisarahili Bawolato,120411
1204112003,Hiliganoita,120411
1204112004,Gazamanu,120411
1204112005,Hilihoru,120411
1204112006,Hilialawa,120411
1204112007,Hilifaosi,120411
1204112008,Hiliwarokha,120411
1204112009,Sitolubanua,120411
1204112010,Siofaewali,120411
1204112011,Sohoya,120411
1204112012,Botohaenga,120411
1204112013,Orahili,120411
1204112014,Tagaule,120411
1204112015,Siofabanua,120411
1204112017,Dahana,120411
1204112018,Orahua,120411
1204112019,Banua Sibohou Silima Ewali,120411
1204112021,Lagasimahe,120411
1204112022,Hilihao Cugala,120411
1204112023,Orahua Faondrato,120411
1204112024,Hou,120411
1204112025,Sindrondro,120411
1204202001,Fadoro Hunogoa,120420
1204202002,Lolofaoso Lalai,120420
1204202003,Fulolo Lalai,120420
1204202004,Lawa-Lawa,120420
1204202005,Lalai I/II,120420
1204202006,Lolowua,120420
1204202007,Dahadano Botombawo,120420
1204202008,Fadoro Lalai,120420
1204202009,Lolowua Hiliwarasi,120420
1204202010,Hilizia Lauru,120420
1204202011,Ehosakhozi,120420
1204202012,Awela,120420
1204202013,Onombongi,120420
1204202014,Orahili Idanoi,120420
1204202015,Lolofaoso,120420
1204212001,Hiligodu Botomuzoi,120421
1204212002,Lasara Botomuzoi,120421
1204212004,Hilimbowo Botomuzoi,120421
1204212005,Simanaere Botomuzoi,120421
1204212007,Tuhegafoa I,120421
1204212008,Balohili Botomuzoi,120421
1204212009,Hilihambawa Botomuzoi,120421
1204212010,Fulolo Botomuzoi,120421
1204212012,Ononamolo Talafu,120421
1204212013,Sisobahili Dola,120421
1204212014,Banua Sibohou Botomuzoi,120421
1204212015,Mohili Berua Botomuzoi,120421
1204212016,Tetehosi Botomuzoi,120421
1204212017,Talafu,120421
1204212018,Ola Nori,120421
1204272001,Orahili,120427
1204272002,Hiliweto Gela,120427
1204272003,Lawa-lawa Luo,120427
1204272004,Hilimbowo,120427
1204272005,Hilibadalu,120427
1204272006,Fatodano,120427
1204272007,Fahandrona,120427
1204272008,Onodalinga,120427
1204272009,Holi,120427
1204272010,Sisobahili Ulugawo,120427
1204272011,Sifaoroasi Ulugawo,120427
1204272012,Mohili,120427
1204272013,Hiligafoa,120427
1204282001,Balodano,120428
1204282002,Lewuoguru II,120428
1204282005,Lasara Siwalubanua,120428
1204282006,Tuhemberua,120428
1204282007,Atualuo,120428
1204282008,Lewa-lewa,120428
1204282009,Dekha,120428
1204292001,Sisobawino I,120429
1204292003,Huno,120429
1204292004,Sisaratandrawa,120429
1204292005,Somolo-molo,120429
1204292006,Lewuoguru I,120429
1204292007,Sifaoroasi,120429
1204292008,Lewuombanua,120429
1204292009,Hiligodu Somolo-Molo,120429
1204292010,Hilimborodano,120429
1204352001,Tuhembuasi,120435
1204352002,Hilibadalu,120435
1204352004,Hilimbana,120435
1204352005,Saitagaramba,120435
1204352007,Baruzo,120435
1204352008,Tulumbaho,120435
1205011001,Pekan Bahorok,120501
1205012002,Lau Damak,120501
1205012003,Timbang Lawan,120501
1205012004,Sampe Raya,120501
1205012005,Tanjung Lenggang,120501
1205012006,Suka Rakyat,120501
1205012007,Perkebunan Turangi,120501
1205012008,Perkebunan Bungara,120501
1205012009,Perkebunan B.Lawang,120501
1205012011,Empus,120501
1205012012,Simpang Pulo Rambung,120501
1205012013,Perkebunan Sei Musam,120501
1205012014,Batu Jong - Jong,120501
1205012015,Sematar,120501
1205012016,Perkebunan Pulo Rambung,120501
1205012017,Sei Musam Kendit,120501
1205012020,Timbang Jaya,120501
1205012021,Musam Pembangunan,120501
1205012022,Ujung Bandar,120501
1205021007,Tanjung Langkat,120502
1205022002,Perkebunan Tanjung,120502
1205022004,Perkebunan Gelugur Langkat,120502
1205022005,Perkebunan Tambunan,120502
1205022006,Perkebunan Bandar Telu,120502
1205022008,Naman Jahe,120502
1205022009,Turangi,120502
1205022010,Ujung Teran,120502
1205022011,Pamah Tambunan,120502
1205022014,Minta Kasih,120502
1205022019,Ujung Bandar,120502
1205022020,Lau Tepu,120502
1205022021,Parangguam,120502
1205022023,Ponco Warno,120502
1205022024,Adin Tengah,120502
1205022025,Lau Lugur,120502
1205022026,Pancur  Ido,120502
1205031001,Pekan Kuala,120503
1205031019,Bela Rakyat,120503
1205032002,Dalan Naman,120503
1205032003,Balai Kasih,120503
1205032004,Bekiung,120503
1205032005,Blankahan,120503
1205032006,Besadi,120503
1205032007,Beruam,120503
1205032009,Raja Tengah,120503
1205032011,Namo Mbelin,120503
1205032012,Parit Bindu,120503
1205032013,Sei Penjara,120503
1205032015,Perkebunan Bekiun,120503
1205032016,Garunggang,120503
1205032017,Suka Damrai,120503
1205032018,Sido Makmur,120503
1205041005,Namu Ukur Selatan,120504
1205042001,Telagah,120504
1205042002,Rumah Galuh,120504
1205042003,Simpang Kuta Buluh,120504
1205042004,Gunung Ambat,120504
1205042006,Belinteng,120504
1205042007,Namu Ukur Utara,120504
1205042008,Pasar VI Kwala Mencirim,120504
1205042009,Emplasmen Kwala Mencirim,120504
1205042010,Purwobinangun,120504
1205042011,Pasar IV.Namo Terasi,120504
1205042012,Pasar VIII.Namo Terasi,120504
1205042013,Durian Lingga,120504
1205042014,Pekan Sawah,120504
1205042015,Tanjung Gunung,120504
1205042016,Mekar Jaya,120504
1205051001,Kwala Begumit,120505
1205052002,Sambi Rejo,120505
1205052003,Sendang Rejo,120505
1205052004,Tanjung Jati,120505
1205052005,Sidomulyo,120505
1205052006,Perdamaian,120505
1205052007,Suka Makmur,120505
1205061001,Pekan Selesai,120506
1205062002,Sei Limbat,120506
1205062003,Padang Brahrang,120506
1205062004,Tanjung Merahe,120506
1205062005,Nambiki,120506
1205062006,Lau Mulgap,120506
1205062007,Kuta Parit,120506
1205062008,Bekulap,120506
1205062009,Perhiasan,120506
1205062010,Selayang,120506
1205062011,Mancang,120506
1205062012,Kwala Air Hitam,120506
1205062013,Padang Cermin,120506
1205062014,Selayang Baru,120506
1205071004,Perdamaian,120507
1205071005,Kwala Bingai,120507
1205071006,Sidomulyo,120507
1205071010,Stabat Baru,120507
1205071011,Dendang,120507
1205071012,Paya Mabar,120507
1205072001,Karang Rejo,120507
1205072002,Kwala Begumit,120507
1205072003,Mangga,120507
1205072007,Banyumas,120507
1205072008,Pantai Gemi,120507
1205072009,Ara Condong,120507
1205081001,Bingai,120508
1205082002,Gohor Lama,120508
1205082003,Stabat Lama,120508
1205082004,Besilam Bukit Lembasa,120508
1205082005,Kebun Balok,120508
1205082006,Bukit Melintang,120508
1205082007,Gergas,120508
1205082008,Stabat Lama Barat,120508
1205082009,Sumber Mulyo,120508
1205082010,Pertumbukan,120508
1205082011,Paya Tusam,120508
1205082012,Mekar Jaya,120508
1205082013,Jentera Stabat,120508
1205082014,Stungkit,120508
1205091004,Hinai Kiri,120509
1205092001,Kepala Sungai,120509
1205092002,Teluk,120509
1205092003,Cinta Raja,120509
1205092005,Kebun Kelapa,120509
1205092006,Sungai Ular,120509
1205092007,Tanjung Ibus,120509
1205092008,Secanggang,120509
1205092009,Selotong,120509
1205092010,Karang Gading,120509
1205092011,Jaring Halus,120509
1205092012,Telaga Jernih,120509
1205092013,Perkotaan,120509
1205092014,Kwala Besar,120509
1205092015,Karang Anyar,120509
1205092016,Pantai Gading,120509
1205092017,Suka Mulia,120509
1205101008,Kebun Lada,120510
1205102001,Cempa,120510
1205102002,Batu Malenggang,120510
1205102003,Tamaran,120510
1205102004,Tanjung Mulia,120510
1205102005,Muka Paya,120510
1205102006,Hinai Kanan,120510
1205102007,Suka Damai,120510
1205102009,Baru Pasar VIII,120510
1205102010,Perkebunan Tanjung,120510
1205102011,Suka Jadi,120510
1205102012,Paya Rengas,120510
1205102013,Suka Damai Timur,120510
1205111005,Pekan Tanjung Pura,120511
1205112001,Serapuh Asli,120511
1205112002,Pematang Tengah,120511
1205112003,Paya Perupuk,120511
1205112004,Lalang,120511
1205112006,Pekubuan,120511
1205112007,Teluk Bakung,120511
1205112008,Pantai Cermin,120511
1205112009,Pematang Serai,120511
1205112010,Baja Kuning,120511
1205112011,Pulau Banyak,120511
1205112012,Pematang Cengal,120511
1205112013,Kwala Serapuh,120511
1205112014,Kwala Langkat,120511
1205112015,Bubun,120511
1205112016,Tapak Kuda,120511
1205112017,Suka Maju,120511
1205112018,Karya Maju,120511
1205112019,Pematang Cengal Barat,120511
1205121006,Tanjung Selamat,120512
1205122001,Serapuh ABC,120512
1205122002,Padang Tualang,120512
1205122003,Kwala Besilam,120512
1205122004,Buluh Telang,120512
1205122005,Besilam,120512
1205122007,Tebing Tanjung Selamat,120512
1205122008,Tanjung Putus,120512
1205122009,Suka Ramai,120512
1205122010,Jati Sari,120512
1205122011,Banjaran Raya,120512
1205122012,Bukit Sari,120512
1205131001,Pekan Gebang,120513
1205132002,Paluh Manis,120513
1205132003,Pasar Rawa,120513
1205132004,Padang Langkat,120513
1205132005,Air Hitam,120513
1205132006,Paya Bengkuang,120513
1205132007,Dogang,120513
1205132008,Sangga Lima,120513
1205132009,Kwala Gebang,120513
1205132010,Bukit Mengkirai,120513
1205132011,Pasiran,120513
1205141001,Pelawi Utara,120514
1205141006,Berandan Barat,120514
1205141007,Berandan Timur Baru,120514
1205141008,Berandan Timur,120514
1205142002,Securai Utara,120514
1205142003,Teluk Meku,120514
1205142004,Pelawi Selatan,120514
1205142005,Securai Selatan,120514
1205151009,Beras Basah,120515
1205151010,Bukit Jengkol,120515
1205152001,Alur Cempedak,120515
1205152002,Sei Siur,120515
1205152003,Tanjung Pasir,120515
1205152004,Paya Tampak,120515
1205152005,Pintu Air,120515
1205152006,Sei Meran,120515
1205152007,Pulau Sembilan,120515
1205152008,Pulau Kampai,120515
1205152011,Pangkalan Siata,120515
1205161009,Pekan Besitang,120516
1205161010,Bukit Kubu,120516
1205161011,Kampung Lama,120516
1205162001,Halaban,120516
1205162002,Bukit Mas,120516
1205162005,Pir Adb Besitang,120516
1205162006,Sekoci,120516
1205162007,Suka Jaya,120516
1205162008,Bukit Selamat,120516
1205171001,Sei Bilah,120517
1205171002,Alur Dua,120517
1205171008,Alur Dua Baru,120517
1205171009,Harapan Jaya,120517
1205171010,Sei Bilah Timur,120517
1205172003,Puraka I,120517
1205172004,Puraka II,120517
1205172005,Lama,120517
1205172006,Telaga Said,120517
1205172007,Lama Baru,120517
1205172011,Mekar Makmur,120517
1205172012,Harapan Baru,120517
1205172013,Harapan Maju,120517
1205172014,Harapan Makmur,120517
1205181001,Tangkahan Durian,120518
1205181004,Pangkalan Batu,120518
1205182002,Sei Tualang,120518
1205182003,Lubuk Kasih,120518
1205182005,Lubuk Kertang,120518
1205182006,Perlis,120518
1205182007,Kelantan,120518
1205191001,Batang Serangan,120519
1205192002,Sei Bamban,120519
1205192003,Sei Musam,120519
1205192004,Sei Serdang,120519
1205192005,Namo Sialang,120519
1205192006,Kwala Musam,120519
1205192007,Karya Jadi,120519
1205192008,Paluh Pakeh,120519
1205201001,Sawit Seberang,120520
1205202002,Alur Gadung,120520
1205202003,Simpang Tiga,120520
1205202004,Sei Litur Tasik,120520
1205202005,Sawit Hulu,120520
1205202006,Mekar Sawit,120520
1205202007,Alur Melati,120520
1205212001,Serapit,120521
1205212002,Gunung Tinggi,120521
1205212003,Sidorejo,120521
1205212004,Suka Pulung,120521
1205212005,Aman Damai,120521
1205212006,Tanjung Kariahan,120521
1205212007,Sebertung,120521
1205212008,Pulau Semikat,120521
1205212009,Sumber Jaya,120521
1205212010,Perkebunan Amal,120521
1205222001,Namotogan,120522
1205222002,Kuta Gajah,120522
1205222003,Perkebunan Marike,120522
1205222004,Kaperas,120522
1205222005,Namoteras,120522
1205222006,Rampah,120522
1205222007,Sulkam,120522
1205222008,Kutambaru,120522
1205232001,Pematang Tengah,120523
1205232002,Damar Condong,120523
1205232003,Perkebunan Damar,120523
1205232004,Perkebunan Perapen,120523
1205232005,Limau Mungkur,120523
1205232006,Serang Jaya Hilir,120523
1205232007,Serang Jaya,120523
1205232008,Sala Haji,120523
1206011009,Padang Mas,120601
1206011010,Lau Cimba,120601
1206011011,Gung Leto,120601
1206011012,Gung Negeri,120601
1206011013,Kampung Dalam,120601
1206012001,Rumah Kabanjahe,120601
1206012002,Kaban,120601
1206012003,Ketaren,120601
1206012004,Samura,120601
1206012005,Lau Simomo,120601
1206012006,Sumber Mufakat,120601
1206012007,Kandibata,120601
1206012008,Kacaribu,120601
1206021006,Tambak Lau Mulgab I,120602
1206021007,Tambak Lau Mulgab II,120602
1206021008,Gundaling I,120602
1206021009,Gundaling II,120602
1206022001,Daulu,120602
1206022002,Gurusinga,120602
1206022003,Raya,120602
1206022004,Rumah Berastagi,120602
1206022005,Sempajaya,120602
1206022010,Lau Gumba,120602
1206032001,Paribun,120603
1206032002,Rumamis,120603
1206032003,Sinaman,120603
1206032004,Sukanalu,120603
1206032005,Barusjulu,120603
1206032006,Tangkidik,120603
1206032007,Sukajulu,120603
1206032008,Barusjahe,120603
1206032009,Bulanjahe,120603
1206032010,Pertumbuken,120603
1206032011,Talimbaru,120603
1206032012,Sikab,120603
1206032013,Persadanta,120603
1206032014,Bulanjulu,120603
1206032015,Semangat,120603
1206032016,Serdang,120603
1206032017,Tanjung Barus,120603
1206032018,Sarimanis,120603
1206032019,Penampen,120603
1206042001,Kutakepar,120604
1206042002,Ajijulu,120604
1206042004,Singa,120604
1206042007,Ajijahe,120604
1206042008,Bunuraya,120604
1206042010,Kubusimbelang,120604
1206042011,Tigapanah,120604
1206042012,Suka,120604
1206042014,Kacinambun,120604
1206042015,Kutajulu,120604
1206042016,Bertah,120604
1206042017,Manukmulia,120604
1206042018,Lauriman,120604
1206042019,Sukadame,120604
1206042020,Mulawari,120604
1206042023,Sukamaju,120604
1206042024,Kutambelin,120604
1206042025,Kutabale,120604
1206042026,Leparsamura,120604
1206042027,Seberaya,120604
1206042028,Ajimbelang,120604
1206042029,Ajibuhara,120604
1206042030,Lambar,120604
1206042031,Salit,120604
1206042032,Suka Mbayak,120604
1206042033,Suka Sipilihen,120604
1206042034,Sukameriah,120604
1206042035,Bekerah,120604
1206042036,Simacem,120604
1206052001,Partibi Tembe,120605
1206052002,Negeri Tongging,120605
1206052003,Kodon-Kodon,120605
1206052004,Dokan,120605
1206052005,Nagara,120605
1206052006,Sibolangit,120605
1206052007,Sukamandi,120605
1206052008,Nagalingga,120605
1206052009,Pangambatan,120605
1206052010,Tongging,120605
1206052011,Partibi Lama,120605
1206052012,Regaji,120605
1206052013,Ajinembah,120605
1206052014,Situnggaling,120605
1206052015,Garingging,120605
1206052016,Mulia Rayat,120605
1206052017,Bandar Tongging,120605
1206052018,Pancur Batu,120605
1206052019,Merek,120605
1206062001,Nageri,120606
1206062002,Munte,120606
1206062003,Kineppen,120606
1206062004,Bandar Meriah,120606
1206062005,Barung Kersap,120606
1206062006,Kutambaru,120606
1206062007,Buluhnaman,120606
1206062008,Singgamanik,120606
1206062009,Kuta Gerat,120606
1206062010,Pertumbungen,120606
1206062011,Sarimunte,120606
1206062012,Kaban Tua,120606
1206062013,Gunung Manumpak,120606
1206062014,Tanjung Beringin,120606
1206062015,Kuta Suah,120606
1206062016,Sarinembah,120606
1206062017,Selakkar,120606
1206062018,Parimbalang,120606
1206062019,Gunung Saribu,120606
1206062020,Sukarame,120606
1206062021,Gurubenua,120606
1206062022,Biaknampe,120606
1206072001,Juhar Perangin-angin,120607
1206072002,Lau Lingga,120607
1206072003,Kidupen,120607
1206072004,Namosuro,120607
1206072005,Bekilang,120607
1206072006,Sugihen,120607
1206072007,Pernantin,120607
1206072008,Nageri,120607
1206072009,Juhar Ginting,120607
1206072010,Juhar Tarigan,120607
1206072011,Pasar Baru,120607
1206072012,Batu Mamak,120607
1206072013,Naga,120607
1206072014,Kutambelin,120607
1206072015,Mbetong,120607
1206072016,Keriahen,120607
1206072017,Gunung Juhar,120607
1206072018,Ketawaren,120607
1206072019,Jandi,120607
1206072020,Buluh Pancur,120607
1206072021,Kutagugung,120607
1206072022,Sukababo,120607
1206072023,Lau Kidupen,120607
1206072024,Sigenderang,120607
1206072025,Juhar Ginting Sadanioga,120607
1206081019,Tiga Binanga,120608
1206082001,Gunung,120608
1206082002,Kem Kem,120608
1206082003,Pertumbuken,120608
1206082004,Kuala,120608
1206082005,Limang,120608
1206082006,Perbesi,120608
1206082007,Lau Kapur,120608
1206082008,Kuta Bangun,120608
1206082009,Kuta Raya,120608
1206082010,Pergendangen,120608
1206082011,Simolap,120608
1206082012,Simpang Pergendangen,120608
1206082013,Kuta Gerat,120608
1206082014,Suka Julu,120608
1206082015,Kuta Galoh,120608
1206082016,Bunga Baru,120608
1206082017,Kutambaru Punti,120608
1206082018,Kuta Buara,120608
1206082020,Batumamak,120608
1206092001,Martelu,120609
1206092002,Mbal-Mbal Petarum,120609
1206092003,Lau Peranggunen,120609
1206092004,Tanjung Gunung,120609
1206092005,Lau Baleng,120609
1206092006,Durin Rugun,120609
1206092007,Perbulan,120609
1206092008,Kutambelin,120609
1206092009,Lingga Muda,120609
1206092010,Kinangkong,120609
1206092011,Rambah Tampu,120609
1206092012,Lau Peradep,120609
1206092013,Buluh Pancur,120609
1206092014,Batu Rongkam,120609
1206092015,Pintu Angin,120609
1206102001,Lau Pengulu,120610
1206102002,Lau Mulgap,120610
1206102003,Lau Kesumpat,120610
1206102004,Rimo Bunga,120610
1206102005,Tanjung Pamah,120610
1206102006,Kuta Pengkih,120610
1206102007,Bandar Purba,120610
1206102008,Mardingding,120610
1206102009,Lau Pakam,120610
1206102010,Lau Solu,120610
1206102011,Lau Garut,120610
1206102012,Bukit Makmur,120610
1206112001,Payung,120611
1206112004,Rimo Kayu,120611
1206112007,Selandi,120611
1206112012,Batukarang,120611
1206112015,Gurukinayan,120611
1206112017,Cimbang,120611
1206112025,Ujung Payung,120611
1206122005,Kutatengah,120612
1206122006,Tigapancur,120612
1206122007,Pintu Besi,120612
1206122009,Gamber,120612
1206122012,Sirumbia,120612
1206122014,Ndokumsiroga,120612
1206122016,Linggajulu,120612
1206122017,Gajah,120612
1206122018,Lingga,120612
1206122019,Nangbelawan,120612
1206122022,Beganding,120612
1206122024,Torong,120612
1206122025,Berastepu,120612
1206122026,Surbakti,120612
1206122028,Jeraya,120612
1206122030,Perteguhen,120612
1206122035,Bulanbaru,120612
1206132001,Negeri Jahe,120613
1206132002,Kutabuluh Gugung,120613
1206132003,Siabang-abang,120613
1206132004,Lau Buluh,120613
1206132005,Bintang Meriah,120613
1206132006,Jinabun,120613
1206132007,Kuta Male,120613
1206132008,Ujung Deleng,120613
1206132009,Gunung Meriah,120613
1206132010,Buah Raya,120613
1206132011,Tanjung Merahe,120613
1206132012,Rih Tengah,120613
1206132013,Kutabuluh,120613
1206132014,Liang Merdeka,120613
1206132015,Pola Tebu,120613
1206132016,Mburidi,120613
1206142001,Kubu Colia,120614
1206142002,Ujung Sampun,120614
1206142003,Bukit,120614
1206142004,Melas,120614
1206142005,Sampun,120614
1206142006,Sugihen,120614
1206142007,Dolat Rayat,120614
1206152001,Cinta Rakyat,120615
1206152002,Semangat,120615
1206152003,Ujung Teran,120615
1206152004,Gongsol,120615
1206152005,Jaranguda,120615
1206152006,Semangat Gunung,120615
1206152007,Deram,120615
1206152008,Merdeka,120615
1206152009,Sada Perarih,120615
1206162002,Kutagugung,120616
1206162003,Kuta Tonggal,120616
1206162004,Naman,120616
1206162005,Sukanalu,120616
1206162006,Kebayaken,120616
1206162007,Kutarayat,120616
1206162009,Sukandebi,120616
1206162010,Gung Pinto,120616
1206162011,Kutambelin,120616
1206162012,Ndeskati,120616
1206162013,Sukatepu,120616
1206162014,Sigarang-garang,120616
1206172001,Sukatendel,120617
1206172002,Mardingding,120617
1206172003,Kutagaluh,120617
1206172004,Kutambaru,120617
1206172005,Jandimeriah,120617
1206172006,Tiganderket,120617
1206172007,Tanjung Pulo,120617
1206172008,Tanjung Merawa,120617
1206172009,Perbaji,120617
1206172010,Temburun,120617
1206172011,Kutakepar,120617
1206172012,Penampen,120617
1206172013,Tanjung Mbelang,120617
1206172014,Narigunung I,120617
1206172015,Narigunung II,120617
1206172016,Gunung Merlawan,120617
1206172017,Susuk,120617
1207012001,Kuta Bayu,120701
1207012002,Gunung Paribuan,120701
1207012003,Simempar,120701
1207012004,Gunung Seribu,120701
1207012005,Gunung Sinembah,120701
1207012006,Bintang Meriah,120701
1207012007,Kuta Tengah,120701
1207012008,Pekan Gunung Mariah,120701
1207012009,Gunung Meriah,120701
1207012010,Ujung Meriah,120701
1207012011,Marjandi Pematang,120701
1207012012,Marjandi Tongah,120701
1207021026,Pekan Tanjung,120702
1207022001,Medan Senembah,120702
1207022002,Ujung Serdang,120702
1207022003,Limau Manis,120702
1207022004,Bandar Labuhan,120702
1207022005,Bangun Rejo,120702
1207022006,Aek Pancur,120702
1207022007,Sei Merah,120702
1207022008,Naga Timbul,120702
1207022009,Lengau Seprang,120702
1207022010,Tanjung Mulia,120702
1207022011,Punden Rejo,120702
1207022012,Tanjung Morawa-B,120702
1207022013,Dagang Kerawan,120702
1207022014,Tanjung Morawa-A,120702
1207022015,Buntu Bedimbar,120702
1207022016,Bangun Sari,120702
1207022017,Dagang Kelambir,120702
1207022018,Dalu Sepuluh-A,120702
1207022019,Dalu Sepuluh-B,120702
1207022020,Wonosari,120702
1207022021,Perdamean,120702
1207022022,Penara Kebun,120702
1207022023,Bangun Sari Baru,120702
1207022024,Telaga Sari,120702
1207022025,Tanjung Baru,120702
1207032001,Bandar Baru,120703
1207032002,Batu Layang,120703
1207032003,Batu Mbelin,120703
1207032004,Betimus Mbaru,120703
1207032005,Bengkurung,120703
1207032006,Bingkawan,120703
1207032007,Buah Nabar,120703
1207032008,Bukum,120703
1207032009,Buluh Awar,120703
1207032010,Cinta Rakyat,120703
1207032011,Durin Serugun,120703
1207032012,Ketangkuhen,120703
1207032013,Kuala,120703
1207032014,Martelu,120703
1207032015,Negeri Gugung,120703
1207032016,Puangaja,120703
1207032017,Rumah Kinangkung SP,120703
1207032018,Rambung Baru,120703
1207032019,Rumah Pil Pil,120703
1207032020,Rumah Sumbul,120703
1207032021,Sala Bulan,120703
1207032022,Sayum Sabah,120703
1207032023,Sembahe,120703
1207032024,Sibolangit,120703
1207032025,Sikeben,120703
1207032026,Suka Maju,120703
1207032027,Suka Makmur,120703
1207032028,Tambunen,120703
1207032029,Tanjung Beringin,120703
1207032030,Ujung Deleng,120703
1207042001,Suka Makmur,120704
1207042002,Namo Mirik,120704
1207042003,Suka Dame,120704
1207042004,Pasar X,120704
1207042005,Perpanden,120704
1207042006,Kutalimbaru,120704
1207042007,Sampe Cita,120704
1207042008,Suka Rende,120704
1207042009,Kwala Lau Bicik,120704
1207042010,Lau Bekeri,120704
1207042011,Silebo-Lebo,120704
1207042012,Sawit Rejo,120704
1207042013,Namo Rube Julu,120704
1207042014,Sei Mencirim,120704
1207052001,Bintang Meriah,120705
1207052002,Sugau,120705
1207052003,Tiang Layar,120705
1207052004,Durin Simbelang,120705
1207052005,Namo Riam,120705
1207052006,Durin Tonggal,120705
1207052007,Hulu,120705
1207052008,Pertampilen,120705
1207052009,Salam Tani,120705
1207052010,Tengah,120705
1207052011,Namo Simpur,120705
1207052012,Simalingkar A,120705
1207052013,Namo Bintang,120705
1207052014,Lama,120705
1207052015,Namo Rih,120705
1207052016,Tuntungan I,120705
1207052017,Gunung Tinggi,120705
1207052018,Tuntungan II,120705
1207052019,Durin Jangak,120705
1207052020,Sembahe Baru,120705
1207052021,Tanjung Anom,120705
1207052022,Sei Glugur,120705
1207052023,Suka Raya,120705
1207052024,Baru,120705
1207052025,Perumnas Simalingkar,120705
1207062001,Deli Tua,120706
1207062002,Jati Kesuma,120706
1207062003,Namo Rambe,120706
1207062004,Gunung Kelawas,120706
1207062005,Ujung Labuhan,120706
1207062006,Lubang Ido,120706
1207062007,Silue-lue,120706
1207062008,Timbang Lawan,120706
1207062009,Batu Mbelin,120706
1207062010,Namo Batang,120706
1207062011,Tanjung Selamat,120706
1207062012,Bekukul,120706
1207062013,Namo Pakam,120706
1207062014,Suka Mulia Hilir,120706
1207062015,Suka Mulia Hulu,120706
1207062016,Rumah Mbacang,120706
1207062017,Cinta Rakyat,120706
1207062018,Batu Penjemuran,120706
1207062019,Kuta Tengah,120706
1207062020,Namo Landur,120706
1207062021,Gunung Berita,120706
1207062022,Tangkahan,120706
1207062023,Uruk Gedang,120706
1207062024,Rumah Keben,120706
1207062025,Namo Pinang,120706
1207062026,Sudi Rejo,120706
1207062027,Jaba,120706
1207062028,Kuta Tualah,120706
1207062029,Kwala Simeme,120706
1207062030,Batu Gemuk,120706
1207062031,Lau Mulgap,120706
1207062032,Batu Rejo,120706
1207062033,Salang Tungir,120706
1207062034,Namo Mbaru,120706
1207062035,Rimo  Mungkur,120706
1207062036,Namo Mbelin,120706
1207072001,Aji Baho,120707
1207072002,Biru-biru,120707
1207072003,Candi Rejo,120707
1207072004,Kutomulyo,120707
1207072005,Kuala Dekah,120707
1207072006,Mbaruai,120707
1207072007,Mardinding Julu,120707
1207072008,Namo Suro Baru,120707
1207072009,Peria-ria,120707
1207072010,Penen,120707
1207072011,Rumah Gerat,120707
1207072012,Sidodadi,120707
1207072013,Sidomulyo,120707
1207072014,Selamat,120707
1207072015,Sarilaba Jahe,120707
1207072016,Tanjung Sena,120707
1207072017,Namo Tualang,120707
1207082001,Talun Kenas,120708
1207082002,Gunung Rintih,120708
1207082003,Sumbul,120708
1207082004,Tadukan Raga,120708
1207082005,Limau Mungkur,120708
1207082006,Negara Beringin,120708
1207082007,Lau Barus Baru,120708
1207082008,Juma Tombak,120708
1207082009,Siguci,120708
1207082010,Kuta Jurung,120708
1207082011,Tala Peta,120708
1207082012,Lau Rakit,120708
1207082013,Penungkiren,120708
1207082014,Rambai,120708
1207082015,Lau Rempak,120708
1207092001,Bah Perak,120709
1207092002,Bandar Kwala,120709
1207092003,Bah Balua,120709
1207092005,Bandar Gugung,120709
1207092006,Bandar Meriah,120709
1207092007,Batu Gingging,120709
1207092008,Bangun Purba,120709
1207092009,Bangun Purba Tengah,120709
1207092010,Begerpang,120709
1207092011,Batu Rata,120709
1207092012,Cimahi,120709
1207092014,Damak Maliho,120709
1207092015,Greahan,120709
1207092017,Marombun Ujung,120709
1207092018,Marombun Barat,120709
1207092019,Mabar,120709
1207092020,Perguroan,120709
1207092023,Rumah Deleng,120709
1207092024,Sibaganding,120709
1207092025,Sialang,120709
1207092027,Sukaluwei,120709
1207092030,Tanjung Purba,120709
1207092032,Urung Ganjang,120709
1207092033,Ujung Rambe,120709
1207191038,Galang Kota,120719
1207192001,Tanjung Gusti,120719
1207192002,Baru Titi Besi,120719
1207192003,Bandar Kuala,120719
1207192004,Batu Lokong,120719
1207192005,Galang Suka,120719
1207192006,Galang Barat,120719
1207192007,Jaharun A,120719
1207192008,Jaharun B,120719
1207192009,Juhar Baru,120719
1207192012,Kramat Gajah,120719
1207192013,Kotasan,120719
1207192015,Kotangan,120719
1207192016,Kelapa Satu,120719
1207192019,Nogorejo,120719
1207192022,Paku,120719
1207192023,Petumbukan,120719
1207192024,Petangguhan,120719
1207192025,Pisang Pala,120719
1207192026,Paya Itik,120719
1207192027,Pulo Tagor Baru,120719
1207192028,Paya Kuda,120719
1207192029,Paya Sampir,120719
1207192030,Sei Putih,120719
1207192031,Sei Karang,120719
1207192034,Tanah  Abang,120719
1207192035,Timbang Deli,120719
1207192036,Tanah Merah,120719
1207192037,Tanjung Siporkis,120719
1207202001,Tiga Juhar,120720
1207202002,Tanjung Bampu,120720
1207202003,Rumah Rih,120720
1207202004,Liang Muda,120720
1207202005,Durian IV Mbelang,120720
1207202006,Tanah Gara Hulu,120720
1207202007,Gunung Manumpak A,120720
1207202008,Bah Bah Buntu,120720
1207202009,Tanjung Muda,120720
1207202010,Tanjung Raja,120720
1207202011,Kuta Mbelin,120720
1207202012,Rumah Sumbul,120720
1207202013,Ranggit-git,120720
1207202014,Liang Pematang,120720
1207202015,Gunung Manumpak B,120720
1207202016,Rumah Lengo,120720
1207202017,Sipinggan,120720
1207202018,Tanjung Timur,120720
1207202019,Durian Tinggung,120720
1207202020,Sibunga Bunga Hilir,120720
1207212001,Lantasan Baru,120721
1207212002,Patumbak  I,120721
1207212003,Patumbak II,120721
1207212004,Lantasan Lama,120721
1207212005,Sigara-gara,120721
1207212006,Marindal  I,120721
1207212007,Marindal  II,120721
1207212008,Patumbak Kampung,120721
1207221004,Deli Tua,120722
1207221005,Deli Tua Timur,120722
1207221006,Deli Tua Barat,120722
1207222001,Kedai Durian,120722
1207222002,Suka Makmur,120722
1207222003,Mekar Sari,120722
1207232001,Sei Semayang,120723
1207232002,Lalang,120723
1207232003,Puji Mulyo,120723
1207232004,Paya Geli,120723
1207232005,Mulio Rejo,120723
1207232006,Purwodadi,120723
1207232007,Sumber Melati Diski,120723
1207232008,Tanjung Gusta,120723
1207232009,Helvetia,120723
1207232010,Medan Krio,120723
1207232011,Sei Mencirim,120723
1207232012,Sukamaju,120723
1207232013,Sunggal Kanan,120723
1207232014,Serbajadi,120723
1207232015,Telaga Sari,120723
1207232016,Tanjung Selamat,120723
1207232017,Sei Beras Sekata,120723
1207242001,Hamparan Perak,120724
1207242002,Sei Baharu,120724
1207242003,Klumpang Kebun,120724
1207242004,Klumpang Kampung,120724
1207242005,Klambir Lima,120724
1207242006,Tandam Hulu II,120724
1207242007,Klambir,120724
1207242008,Selemak,120724
1207242009,Klambir Lima Kebun,120724
1207242010,Sialang Muda,120724
1207242011,Paya Bakung,120724
1207242012,Tandem Hulu I,120724
1207242013,Tandem Hilir I,120724
1207242014,Tandam Hilir II,120724
1207242015,Kota Datar,120724
1207242016,Bulu Cina,120724
1207242017,Kota Rantang,120724
1207242018,Paluh Manan,120724
1207242019,Lama,120724
1207242020,Paluh Kurau,120724
1207252001,Helvetia,120725
1207252002,Manunggal,120725
1207252003,Pematang Johar,120725
1207252004,Karang Gading,120725
1207252005,Telaga Tujuh,120725
1207261019,Kenangan,120726
1207261020,Kenangan Baru,120726
1207262001,Pematang Lalang,120726
1207262002,Sambirejo Timur,120726
1207262003,Kolam,120726
1207262004,Percut,120726
1207262005,Laut Dendang,120726
1207262006,Tembung,120726
1207262007,Cinta Rakyat,120726
1207262008,Amplas,120726
1207262009,Saentis,120726
1207262010,Sampali,120726
1207262011,Bandar Khalipah,120726
1207262012,Bandar Klippa,120726
1207262013,Tanjung Selamat,120726
1207262014,Tanjung Rejo,120726
1207262015,Medan Estate,120726
1207262016,Cinta Damai,120726
1207262017,Bandar Setia,120726
1207262018,Sei Rotan,120726
1207272001,Sena,120727
1207272002,Tumpatan Nibung,120727
1207272003,Tanjung Sari,120727
1207272004,Baru,120727
1207272005,Batangkuis Pekan,120727
1207272006,Sidodadi,120727
1207272007,Bintang Meriah,120727
1207272008,Bakaran Batu,120727
1207272009,Paya Gambar,120727
1207272010,Mesjid,120727
1207272011,Sugiharjo,120727
1207281007,"Lubuk Pakam I,II",120728
1207281008,Lubuk Pakam III,120728
1207281009,Paluh Kemiri,120728
1207281010,Cemara,120728
1207281011,Syahmad,120728
1207281012,Petapahan,120728
1207281013,Lubuk Pakam Pekan,120728
1207282001,Sekip,120728
1207282002,Pagar Jati,120728
1207282003,Tanjung Garbus I,120728
1207282004,Pasar Melintang,120728
1207282005,Pagar Merbau III,120728
1207282006,Bakaran Batu,120728
1207312001,Tanjung Mulia,120731
1207312002,Purwodadi,120731
1207312003,Sidodadi Batu 8,120731
1207312004,Suka Mulia,120731
1207312005,Jati Rejo,120731
1207312006,Pagar Merbau I,120731
1207312007,Pagar Merbau II,120731
1207312008,Sidoharjo-I Pasar Miring,120731
1207312009,Sidoharjo-I Jati Baru,120731
1207312010,Bandar Dolok,120731
1207312011,Tanjung Garbus II,120731
1207312012,Tanjung Garbus Kampung,120731
1207312013,Perbarakan,120731
1207312014,Sukamandi Hilir,120731
1207312015,Sukamandi Hulu,120731
1207312016,Sumberejo,120731
1207322001,Sei Tuan,120732
1207322002,Tengah,120732
1207322003,Bagan Serdang,120732
1207322004,Rantau Panjang,120732
1207322005,Rugemuk,120732
1207322006,Kubah Sentang,120732
1207322007,Pantai Labu Pekan,120732
1207322008,Pantai Labu Baru,120732
1207322009,Ramunia 1,120732
1207322010,Ramunia 2,120732
1207322011,Perkebunan Ramunia,120732
1207322012,Denai Lama,120732
1207322013,Denai Kuala,120732
1207322014,Denai Sarang Burung,120732
1207322015,Binjai Bakung,120732
1207322016,Paluh Sibaji,120732
1207322017,Kelambir,120732
1207322018,Durian,120732
1207322019,Pematang Biara,120732
1207332001,Serdang,120733
1207332002,Sidourip,120733
1207332003,Aras Kabu,120733
1207332004,Pasar VI Kuala Namu,120733
1207332005,Emplasmen Kuala Namu,120733
1207332006,Pasar V Kebun Kelapa,120733
1207332007,Beringin,120733
1207332008,Sidoarjo II Ramunia,120733
1207332009,Karang Anyar,120733
1207332010,Sidodadi Ramunia,120733
1207332011,Tumpatan,120733
1208012001,Silampuyang,120801
1208012002,Marihat Baris,120801
1208012003,Dolok Marlawan,120801
1208012004,Rambung Merah,120801
1208012005,Silou Manik,120801
1208012006,Sejahtera,120801
1208012007,Siantar Estate,120801
1208012008,Karang Bangun,120801
1208012009,Nusa Harapan,120801
1208012010,Sitalasari,120801
1208012011,Lestari Indah,120801
1208012012,Laras Dua,120801
1208012013,Dolok Hataran,120801
1208012014,Pantoan Maju,120801
1208012015,Pamatang Simalungun,120801
1208012016,Silau Malaha,120801
1208012017,Pamatang Silampuyang,120801
1208022001,Dolog Malela,120802
1208022002,Senio,120802
1208022003,Pamatang Asilom,120802
1208022004,Serapuh,120802
1208022005,Margo Mulyo,120802
1208022006,Silulu,120802
1208022007,Silou Malela,120802
1208022008,Bandar Siantar,120802
1208022009,Pamatang Gajing,120802
1208022010,Bangun,120802
1208022011,Malela,120802
1208022012,Bukit Maraja,120802
1208022013,Pamatang Sahkuda,120802
1208022014,Marihat Bukit,120802
1208022015,Sahkuda Bayu,120802
1208022016,Lingga,120802
1208032001,Silou Bayu,120803
1208032002,Karang Anyer,120803
1208032003,Karang Rejo,120803
1208032004,Karang Sari,120803
1208032005,Tumorang,120803
1208032006,Rabuhit,120803
1208032007,Huta Dipar,120803
1208032008,Ganjing,120803
1208032009,Bandar Malela,120803
1208041011,Panei Tongah,120804
1208042001,Janggir Leto,120804
1208042002,Simpang Pane Raya,120804
1208042003,Siborna,120804
1208042004,Sipoldas,120804
1208042005,Bangun Rakyat,120804
1208042006,Sigodang,120804
1208042007,Sigodang Barat,120804
1208042008,Bah Bolon Tongah,120804
1208042009,Mekar Sari Raya,120804
1208042010,Simantin Pane Dame,120804
1208042012,Simpang Raya Dasma,120804
1208042013,Bangun Das Mariah,120804
1208042014,Bangun Sitolu Bah,120804
1208042015,Bah Liran Siborna,120804
1208042016,Nauli Baru,120804
1208042017,Rawang Pardomuan Nauli,120804
1208052001,Panombeian,120805
1208052002,Pamatang Panombeian,120805
1208052003,Nagori Bosar,120805
1208052004,Marjandi,120805
1208052005,Simpang Panei,120805
1208052006,Talun Kondot,120805
1208052007,Simbolon Tengkoh,120805
1208052008,Pamatang Panei,120805
1208052009,Marjandi Pisang,120805
1208052010,Banuh Raya,120805
1208052011,Rukun Mulyo,120805
1208061008,Tiga Balata,120806
1208062001,Kasindir,120806
1208062002,Sibunga Bunga,120806
1208062003,Jorlang Hataran,120806
1208062004,Bah Sampuran,120806
1208062005,Bah Birong Ulu,120806
1208062006,Pinang Ratus,120806
1208062007,Dolok Marlawan,120806
1208062009,Panombean Hutaurung,120806
1208062010,Dipar Hataran,120806
1208062011,Pagar Pinang,120806
1208062012,Dolok Parriasan,120806
1208062013,Parmonangan,120806
1208071008,Sindar Raya,120807
1208072001,Sambosar Raya,120807
1208072002,Panduman,120807
1208072003,Ambarokan Panei Raya,120807
1208072004,Bah Tonang,120807
1208072005,Bah Bulian,120807
1208072006,Bangun Raya,120807
1208072007,Durian Banggal,120807
1208072008,Sorba Dolog,120807
1208072009,Gunung Datas,120807
1208072010,Puli Buah,120807
1208072011,Banu Raya,120807
1208072012,Marubun Siboras,120807
1208072013,Banjaran,120807
1208081013,Bosar Maligas,120808
1208082001,Parbutaran,120808
1208082002,Mayang,120808
1208082003,Boluk,120808
1208082004,Sei Mangkei,120808
1208082005,Gunung Bayu,120808
1208082006,Talun Saragih,120808
1208082007,Dusun Pengkolan,120808
1208082008,Sei Torop,120808
1208082009,Marihat Tanjung,120808
1208082010,Marihat Butar,120808
1208082011,Teladan,120808
1208082012,Adil Makmur,120808
1208082014,Tempel Jaya,120808
1208082015,Sidomulyo,120808
1208082016,Mekar Rejo,120808
1208082017,Nanggar Bayu,120808
1208091013,Sarimatondang,120809
1208092001,Bah Butong I,120809
1208092002,Sidamanik,120809
1208092003,Ambarisan,120809
1208092004,Tiga Bolon,120809
1208092005,Bah Butong II,120809
1208092006,Bahal Gajah,120809
1208092007,Manik Hataran,120809
1208092008,Mekar Sidamanik,120809
1208092009,Manik Maraja,120809
1208092010,Bah Biak,120809
1208092011,Birong Ulu Manriah,120809
1208092012,Kebun Sayur Bah Butong,120809
1208092014,Manik Rambung,120809
1208092015,Bukit Rejo,120809
1208101009,Sipolha Horisan,120810
1208102001,Sait Buttu Saribu,120810
1208102002,Pamatang Sidamanik,120810
1208102003,Sarimattin,120810
1208102004,Bandar Manik,120810
1208102005,Jorlang Huluan,120810
1208102006,Sihaporas,120810
1208102007,Pematang Tambun Raya,120810
1208102008,Simantin,120810
1208102010,Gorak,120810
1208111018,Pematang Tanah Jawa,120811
1208112001,Tanjung Pasir,120811
1208112002,Totap Majawa,120811
1208112003,Balimbingan,120811
1208112004,Baja Dolok,120811
1208112005,Bosar Galugur,120811
1208112006,Bah Jambi II,120811
1208112007,Bah Kisat,120811
1208112008,Panombeian Marjanji,120811
1208112009,Muara Mulia,120811
1208112010,Pardamean Asih,120811
1208112011,Mekar Mulia,120811
1208112012,Maligas Tongah,120811
1208112013,Marubun Jaya,120811
1208112014,Pagar Jambi,120811
1208112015,Baliju,120811
1208112016,Bayu Bagasan,120811
1208112017,Bah Jambi III,120811
1208112019,Parbalogan,120811
1208112020,Marubun Bayu,120811
1208122001,Buntu Bayu,120812
1208122002,Bosar Nauli,120812
1208122003,Tangga Batu,120812
1208122004,Buntu Turunan,120812
1208122005,Saribu Asih,120812
1208122006,Jawa Tongah,120812
1208122007,Tonduhan,120812
1208122008,Parhundalian Jawa Dipar,120812
1208122009,Jawa Tongah II,120812
1208132001,Negeri Dolok,120813
1208132002,Dolok Parmonangan,120813
1208132003,Dolok Tomuan,120813
1208132004,Marihat Dolok,120813
1208132005,Tiga Dolok,120813
1208132006,Ujung Bondar,120813
1208132007,Marihat Raja,120813
1208132008,Bandar Dolok,120813
1208132009,Gunung Mariah,120813
1208132010,Siatasan,120813
1208132011,Marihat Marsada,120813
1208132012,Pondok Buluh,120813
1208132013,Marihat Pondok,120813
1208132014,Lumban Gorat,120813
1208132015,Palia Naopat,120813
1208141008,Tiga Runggu,120814
1208142001,Purba Tongah,120814
1208142002,Pematang Purba,120814
1208142003,Urung Purba,120814
1208142004,Purba Sipinggan,120814
1208142005,Hinalang,120814
1208142006,Purba Dolok,120814
1208142007,Tano Tinggir,120814
1208142009,Saribu Jandi,120814
1208142010,Huta Raja,120814
1208142011,Bandar Sauhur,120814
1208142012,Bunga Sampang,120814
1208142013,Nagori Tongah,120814
1208142014,Urung Pane,120814
1208151005,Haranggaol,120815
1208152001,Nagori Purba,120815
1208152002,Nagori Sihalpe,120815
1208152003,Purba Horisan,120815
1208152004,Purba Pasir,120815
1208161003,Girsang,120816
1208161004,Parapat,120816
1208161005,Tiga Raja,120816
1208162001,Sipangan Bolon,120816
1208162002,Sibaganding,120816
1208162006,Sipangan Bolon Mekar,120816
1208171015,Serbelawan,120817
1208171016,Aman Sari,120817
1208172001,Silenduk,120817
1208172002,Bah Tobu,120817
1208172003,Bandar Selamat,120817
1208172004,Dolok Ilir I,120817
1208172005,Dolok Ilir II,120817
1208172006,Bahung Kahean,120817
1208172007,Dolok Mainu,120817
1208172008,Dolok Merangir I,120817
1208172009,Dolok Merangir II,120817
1208172010,Kahean,120817
1208172011,Dolok Tenera,120817
1208172012,Dolok Kataran,120817
1208172013,Padang Mainu,120817
1208172014,Bahung Huluan,120817
1208181013,Huta Bayu,120818
1208182001,Mariah Hombang,120818
1208182002,Pulo Bayu,120818
1208182003,Silakkidir,120818
1208182004,Raja Maligas,120818
1208182005,Dolok Sinumbah,120818
1208182006,Maligas Bayu,120818
1208182007,Jawa Baru,120818
1208182008,Mancuk,120818
1208182009,Marihat Mayang,120818
1208182010,Bosar Bayu,120818
1208182011,Raja Maligas I,120818
1208182012,Bahal Batu,120818
1208182014,Pokan Baru,120818
1208182015,Manrayap Bayu,120818
1208182016,Talang Bayu,120818
1208192001,Jawa Maraja,120819
1208192002,Moho,120819
1208192003,Bahalat Bayu,120819
1208192004,Mekar Bahalat,120819
1208192005,Tanjung Maraja,120819
1208192006,Mariah Jambi,120819
1208192007,Bah Joga,120819
1208192008,Bah Jambi,120819
1208202001,Tigaras,120820
1208202002,Parik Sabungan,120820
1208202003,Sibuntuon,120820
1208202004,Dolok Saribu,120820
1208202007,Buntu Bayu Panei Raja,120820
1208202009,Silabah Jaya,120820
1208202010,Togu Domu Nauli,120820
1208202011,Sirube-rube Gunung Purba,120820
1208202014,Tanjung Saribu,120820
1208202015,Sihemun Baru,120820
1208202016,Nagori Bayu,120820
1208211009,Kerasaan I,120821
1208211010,Pematang Bandar,120821
1208212001,Purwosari,120821
1208212002,Talun Madear,120821
1208212003,Mariah Bandar,120821
1208212004,Kandangan,120821
1208212005,Pardomuan Nauli,120821
1208212006,Purba Ganda,120821
1208212007,Kerasaan II,120821
1208212008,Bandar Manis,120821
1208212011,Wonorejo,120821
1208212012,Talun Rejo,120821
1208212013,Purwodadi,120821
1208222001,Naga Jaya I,120822
1208222002,Bah Gunung,120822
1208222003,Bandar Tongah,120822
1208222004,Dolog Parmonangan,120822
1208222005,Laras,120822
1208222006,Naga Jaya II,120822
1208222007,Tanjung Hataran,120822
1208222008,Bandar Betsy I,120822
1208222009,Bandar Betsy II,120822
1208222010,Naga Soppa,120822
1208231014,Perdagangan I,120823
1208231015,Perdagangan III,120823
1208232001,Pematang Kerasaan,120823
1208232002,Marihat Bandar,120823
1208232003,Nagori Bandar,120823
1208232004,Bandar Rakyat,120823
1208232005,Bandar Pulo,120823
1208232006,Bah Lias,120823
1208232007,Perdagangan II,120823
1208232008,Perlanaan,120823
1208232009,Sugarang Bayu,120823
1208232010,Pem Kerasaan Rejo,120823
1208232011,Timbaan,120823
1208232012,Bandar Jawa,120823
1208232013,Sidotani,120823
1208232016,Landbouw,120823
1208242001,Bandar Masilam,120824
1208242002,Lias Baru,120824
1208242003,Bandar Silou,120824
1208242004,Panombeian Baru,120824
1208242005,Gunung Serawan,120824
1208242006,Bandar Masilam II,120824
1208242007,Partimbalan,120824
1208242008,Bandar Tinggi,120824
1208242009,Bandar Rejo,120824
1208242010,Bandar Gunung,120824
1208251012,Saribu Dolok,120825
1208252003,Bangun Mariah,120825
1208252004,Purba Sinombah,120825
1208252006,Purba Tua,120825
1208252009,Purba Tua Baru,120825
1208252014,Sinar Baru,120825
1208252016,Purba Tua Etek,120825
1208262001,Cingkes,120826
1208262002,Panribuan,120826
1208262003,Saran Padang,120826
1208262004,Mariah Dolok,120826
1208262005,Marubun Lokkung,120826
1208262006,Dolok Mariah,120826
1208262007,Bawang,120826
1208262008,Huta Saing,120826
1208262009,Togur,120826
1208262010,Perasmian,120826
1208262011,Tanjung Purba,120826
1208262012,Silau Marawan,120826
1208262013,Bosi Sinombah,120826
1208262014,Ujung Bawang,120826
1208272001,Simanabun,120827
1208272002,Pardomuan Tongah,120827
1208272003,Nagori Dolok,120827
1208272004,Bandar Maruhur,120827
1208272005,Silou Dunia,120827
1208272006,Dolok Marawa,120827
1208272007,Mariah Buttu,120827
1208272008,Dolok Saribu Bangun,120827
1208272009,Bandar Nagori,120827
1208272010,Silou Paribuan,120827
1208272011,Buttu Bayu,120827
1208272012,Nagori Tani,120827
1208272013,Bah Sarimah,120827
1208272014,Damaritang,120827
1208272015,Sinasih,120827
1208272016,Pardomuan Bandar,120827
1208281009,Sinaksak,120828
1208282001,Batu Silangit,120828
1208282002,Dolok Maraja,120828
1208282003,Dolok Ulu,120828
1208282004,Nagur Usang,120828
1208282005,Dolok Kahean,120828
1208282006,Naga Dolok,120828
1208282007,Purbasari,120828
1208282008,Pematang Dolok Kahean,120828
1208282010,Negeri Bayu Muslimin,120828
1208282011,Dolok Simbolon,120828
1208291001,Merek Raya,120829
1208291002,Dalig Raya,120829
1208291005,Sondi Raya,120829
1208291011,Pamatang Raya,120829
1208291018,Baringin Raya,120829
1208292004,Raya Bayu,120829
1208292007,Bahapal Raya,120829
1208292010,Siporkas,120829
1208292012,Sihubu Raya,120829
1208292013,Raya Bosi,120829
1208292014,Silou Huluan,120829
1208292015,Silou Buttu,120829
1208292016,Bongguron Kariahan,120829
1208292017,Simbou Baru,120829
1208292020,Dame Raya,120829
1208292021,Limag Raya,120829
1208292022,Lokkung Raya,120829
1208301001,Ujung Padang,120830
1208302002,Huta Parik,120830
1208302003,Dusun Ulu,120830
1208302004,Tinjowan,120830
1208302005,Sayur Matinggi,120830
1208302006,Taratak Nagodang,120830
1208302007,Sordang Bolon,120830
1208302008,Teluk Lapian,120830
1208302009,Tanjung Rapuan,120830
1208302010,Pagar Bosi,120830
1208302011,Bangun Sordang,120830
1208302012,Aek Gerger Sidodadi,120830
1208302013,Pulo Pitu Marihat,120830
1208302014,Siringan Ringan,120830
1208302015,Riah Na Poso,120830
1208302016,Sei Merbau,120830
1208302017,Kampung Lalang,120830
1208302018,Sordang Baru,120830
1208302019,Banjar Hulu,120830
1208302020,Rawa Masin,120830
1208312001,Ujung Saribu,120831
1208312002,Silimakuta Barat,120831
1208312003,Siboras,120831
1208312004,Mardingding,120831
1208312005,Naga Saribu,120831
1208312007,Saribu Jandi,120831
1208312008,Sinar Naga Mariah,120831
1208312009,Ujung Mariah,120831
1208312010,Bandar Saribu,120831
1208312011,Naga Bosar,120831
1208322001,Raya Huluan,120832
1208322002,Dolog Huluan,120832
1208322003,Bintang Mariah,120832
1208322004,Bah Bolon,120832
1208322005,Raya Usang,120832
1208322006,Bangun Pane,120832
1208322007,Parjalangan,120832
1208322008,Partuahan,120832
1208322009,Sinaman Labah,120832
1208322010,Pamatang Sinaman,120832
1209082002,Meranti,120908
1209082004,Perkebunan Sei Balai,120908
1209082011,Sei Beluru,120908
1209082012,Serdang,120908
1209082019,Gajah,120908
1209082021,Air Putih,120908
1209082022,Sukajadi,120908
1209091001,Binjai Serbangan,120909
1209092002,Air Joman,120909
1209092003,Air Joman Baru,120909
1209092005,Banjar,120909
1209092007,Pasar Lembu,120909
1209092008,Punggulan,120909
1209092012,Subur,120909
1209102001,Asahan Mati,120910
1209102002,Bagan Asahan,120910
1209102003,Bagan Asahan Baru,120910
1209102004,Bagan Asahan Pekan,120910
1209102005,Kapias Batu VIII,120910
1209102006,Pematang Sei Baru,120910
1209102007,Sei Apung,120910
1209102008,Sei Apung Jaya,120910
1209112008,Sei Kepayang Tengah,120911
1209112010,Sei Kepayang Kanan,120911
1209112011,Sei Paham,120911
1209112014,Pertahanan,120911
1209112015,Perbangunan,120911
1209112016,Bangun Baru,120911
1209122002,Perkebunan Suka Raja,120912
1209122004,Perkebunan Hessa,120912
1209122006,Sei Dua Hulu,120912
1209122007,Sei Lama,120912
1209122008,Silomlom,120912
1209122009,Simpang Empat,120912
1209122012,Sipaku Area,120912
1209122013,Anjung Ganjang,120912
1209132001,Sei Alim Ulu,120913
1209132003,Pinanggiripan,120913
1209132006,Perkebunan Pulahan,120913
1209132007,Hessa Perlompongan,120913
1209132008,Perkebunan Air Batu I/II,120913
1209132009,Perkebunan Air Batu III/IX,120913
1209132010,Danau Sijabut,120913
1209132012,Air Teluk Hessa,120913
1209132013,Air Genting,120913
1209132014,Hessa Air Genting,120913
1209132018,Sijabut Teratai,120913
1209132019,Pulau Pule,120913
1209142001,Sei Piring,120914
1209142002,Pulau Rakyat Tua,120914
1209142003,Pulau Rakyat Pekan,120914
1209142004,Orika,120914
1209142005,Manis,120914
1209142006,Tunggul 45,120914
1209142007,Bangun,120914
1209142008,Persatuan,120914
1209142009,Padang Mahondang,120914
1209142010,Ofa Padang Mahondang,120914
1209142011,Baru,120914
1209142012,Mekar Sari,120914
1209152003,Bandar Pulau Pekan,120915
1209152005,Buntu Maraja,120915
1209152006,Gonting Malaha,120915
1209152010,Padang Pulau,120915
1209152012,Perkebunan Aek Tarum,120915
1209152016,Perkebunan Padang Pulau,120915
1209152019,Huta Rao,120915
1209152020,Aek Nagali,120915
1209152021,Gajah Sakti,120915
1209152022,Gunung Berkat,120915
1209162001,Ambalutu,120916
1209162002,Buntu Pane,120916
1209162003,Lestari,120916
1209162005,Prapat Janji,120916
1209162007,Sei Silau Timur,120916
1209162016,Sionggang,120916
1209162017,Mekar Sari,120916
1209162018,Perkebunan Sei Silau,120916
1209162019,Karya Ambalutu,120916
1209172001,Bandar Pasir Mandoge,120917
1209172002,Huta Bagasan,120917
1209172003,Sei Nadoras,120917
1209172004,Silau Jawa,120917
1209172005,Suka Makmur,120917
1209172006,Sei Kopas,120917
1209172007,Huta Padang,120917
1209172008,Tomuan Holbung,120917
1209172009,Gotting Sidodadi,120917
1209181001,Aek Loba Pekan,120918
1209182002,Aek Loba Afd I,120918
1209182003,Alang Bonbon,120918
1209182009,Sengon Sari,120918
1209182010,Lobu Jiur,120918
1209182011,Rawa Sari,120918
1209182013,Aek Loba,120918
1209191001,Bunut,120919
1209191002,Bunut Barat,120919
1209191003,Dadimulyo,120919
1209191004,Kisaran Barat,120919
1209191005,Kisaran Baru,120919
1209191006,Kisaran Kota,120919
1209191007,Mekar Baru,120919
1209191008,Sei Renggas,120919
1209191009,Sendang Sari,120919
1209191010,Sidodadi,120919
1209191011,Sidomukti,120919
1209191012,Tebing Kisaran,120919
1209191013,Tegal Sari,120919
1209201001,Teladan,120920
1209201002,Siumbut Umbut,120920
1209201003,Siumbut Baru,120920
1209201004,Sentang,120920
1209201005,Selawan,120920
1209201006,Mutiara,120920
1209201007,Lestari,120920
1209201008,Kisaran Timur,120920
1209201009,Kisaran Naga,120920
1209201010,Kedai Ledang,120920
1209201011,Karang Anyer,120920
1209201012,Gambir Baru,120920
1209212001,Aek Songsongan,120921
1209212002,Perkebunan Bandar Selamat,120921
1209212003,Perkebunan Bandar Pulau,120921
1209212004,Aek Bamban,120921
1209212005,Marjanji Aceh,120921
1209212006,Lobu Rappa,120921
1209212007,Tangga,120921
1209212008,Situnjak,120921
1209212009,Mekar Marjanji,120921
1209222001,Rahuning,120922
1209222002,Perkebunan Gunung Melayu,120922
1209222003,Gunung Melayu,120922
1209222004,Batu Anam,120922
1209222005,Perkebunan Aek Nagaga,120922
1209222006,Rahuning I,120922
1209222007,Rahuning II,120922
1209232001,Tanjung Alam,120923
1209232002,Perkebunan Sei Dadap I/II,120923
1209232003,Perkebunan Sei Dadap III/IV,120923
1209232004,Sei Kamah I,120923
1209232005,Sei Kamah II,120923
1209232006,Bahung Sibatu-batu,120923
1209232007,Sei Alim Hasak,120923
1209232008,Tanjung Asri,120923
1209232009,Sei Kamah Baru,120923
1209232010,Pasiran,120923
1209242001,Sei Nangka,120924
1209242002,Sei Jawi-Jawi,120924
1209242003,Sei Serindan,120924
1209242004,Sei Tualang Pandau,120924
1209242005,Sei Lendir,120924
1209242006,Sei Kepayang Kiri,120924
1209252001,Sei Lunang,120925
1209252002,Sei Pasir,120925
1209252003,Sei Tempurung,120925
1209252004,Sarang Helang,120925
1209252005,Sei Sembilang,120925
1209262001,Tinggi Raja,120926
1209262002,Sumber Harapan,120926
1209262003,Terusan Tengah,120926
1209262004,Piasa Ulu,120926
1209262005,Sidomulyo,120926
1209262006,Teladan,120926
1209262007,Padang Sari,120926
1209272001,Urung Pane,120927
1209272002,Sei Silau Tua,120927
1209272003,Sei Silau Barat,120927
1209272004,Silau Maraja,120927
1209272005,Bangun Sari,120927
1209282001,Silo Baru,120928
1209282002,Silo Lama,120928
1209282003,Silo Bonto,120928
1209282004,Lubuk Palas,120928
1209282005,Bangun Sari,120928
1209292001,Rawang Lama,120929
1209292002,Rawang Baru,120929
1209292003,Rawang Pasar IV,120929
1209292004,Rawang Pasar V,120929
1209292005,Pondok Bungur,120929
1209292006,Panca Arga,120929
1209292007,Rawang Pasar VI,120929
1209302001,Suka Damai,120930
1209302002,Perhutaan Silau,120930
1209302003,Tanah Rakyat,120930
1209302004,Taman Sari,120930
1209302005,Gedangan,120930
1209302006,Suka Makmur,120930
1209302007,Pulo Bandring,120930
1209302008,Sidomulyo,120930
1209302009,Suka Damai Barat,120930
1209302010,Bunut Seberang,120930
1209312001,Air Teluk Kiri,120931
1209312002,Teluk Dalam,120931
1209312003,Perkebunan Teluk Dalam,120931
1209312004,Pulau Maria,120931
1209312005,Pulau Tanjung,120931
1209312006,Mekar Tanjung,120931
1209322001,Aek Bange,120932
1209322002,Aek Korsik,120932
1209322003,Aek Ledong,120932
1209322004,Ledong Barat,120932
1209322005,Aek Nabuntu,120932
1209322006,Ledong Timur,120932
1209322007,Padang Sipirok,120932
1210011001,Padang Matinggi,121001
1210011002,Siringo-Ringo,121001
1210011003,Sirandorung,121001
1210011004,Rantauprapat,121001
1210011005,Kartini,121001
1210011006,Cendana,121001
1210011007,Binaraga,121001
1210011008,Pulo Padang,121001
1210011009,Padang Bulan,121001
1210011010,Aek Paing,121001
1210021001,Bakaran Batu,121002
1210021002,Sioldengan,121002
1210021003,Urung Kompas,121002
1210021004,Ujung Bandar,121002
1210021005,Sigambal,121002
1210021006,Lobusona,121002
1210021007,Pardamean,121002
1210021008,Danau Bale,121002
1210021009,Sidorejo,121002
1210072001,Sibargot,121007
1210072002,Bandar Kumbul,121007
1210072003,Tanjung Medan,121007
1210072004,Janji,121007
1210072005,Tebing Linggahara,121007
1210072006,AFD.I Rantauprapat,121007
1210072007,AFD.II Rantauprapat,121007
1210072008,Aek Buru Selatan,121007
1210072009,Kampung Baru,121007
1210072010,Tebing Linggahara Baru,121007
1210081001,Negeri Lama,121008
1210081002,Negeri Baru,121008
1210082003,Perkebunan Sennah,121008
1210082004,Perkebunan Negeri Lama,121008
1210082005,Perkebunan Bilah,121008
1210082006,Kampung Bilah,121008
1210082007,Negeri Lama Seberang,121008
1210082008,Sei Tampang,121008
1210082009,Selat Besar,121008
1210082010,Tanjung Haloban,121008
1210082011,Sidomulyo,121008
1210082012,Sei Tarolat,121008
1210082013,Sei Kasih,121008
1210092001,Lingga Tiga,121009
1210092002,Tanjung Siram,121009
1210092003,Pematang Seleng,121009
1210092004,Perbaungan,121009
1210092005,Gunung Selamat,121009
1210092006,Emplasemen Aek Nabara,121009
1210092007,Bandar Tinggi,121009
1210092008,Kampung Dalam,121009
1210092009,Pondok Batu,121009
1210092010,Meranti,121009
1210092011,N-1 Aek Nabara,121009
1210092012,N-2 Aek Nabara,121009
1210092013,N-3 Aek Nabara,121009
1210092014,N-4 Aek Nabara,121009
1210092015,N-5 Aek Nabara,121009
1210092016,N-6 Aek Nabara,121009
1210092017,N-7 Aek Nabara,121009
1210092018,N-8 Aek Nabara,121009
1210092019,S-1 Aek Nabara,121009
1210092020,S-2 Aek Nabara,121009
1210092021,S-3 Aek Nabara,121009
1210092022,S-4 Aek Nabara,121009
1210092023,S-5 Aek Nabara,121009
1210092024,S-6 Aek Nabara,121009
1210142001,Sidorukun,121014
1210142002,Tebing Tinggi Pangkatan,121014
1210142003,Perkebunan Pangkatan,121014
1210142004,Kampung Padang,121014
1210142005,Pangkatan,121014
1210142006,Sennah,121014
1210142007,Tanjung Harapan,121014
1210181001,Labuhan Bilik,121018
1210182002,Sei Pelancang,121018
1210182003,Sei Siarti,121018
1210182004,Sei Nahodaris,121018
1210182005,Sei Merdeka,121018
1210182006,Sei Rakyat,121018
1210182007,Selat Beting,121018
1210182008,Bagan Bilah,121018
1210182009,Telaga Suka,121018
1210182010,Pasar Tiga,121018
1210191001,Sei Berombang,121019
1210192002,Sei Penggantungan,121019
1210192003,Sei Lumut,121019
1210192004,Sei Tawar,121019
1210192005,Sei Sanggul,121019
1210192006,Sei Sakat,121019
1210192007,Sei Baru,121019
1210192008,Wonosari,121019
1210202001,Tanjung Sarang Elang,121020
1210202002,Perkebunan Ajamu,121020
1210202003,Teluk Sentosa,121020
1210202004,Cinta Makmur,121020
1210202005,Sei Sentosa,121020
1210202006,Meranti Paham,121020
1210202007,Sei Jawi-Jawi,121020
1211011005,Kuta Gambir,121101
1211011007,Sidiangkat,121101
1211011009,Batang Beruh,121101
1211011010,Sidikalang,121101
1211011015,Bintang Hulu,121101
1211012008,Belang Malum,121101
1211012011,Huta Rakyat,121101
1211012012,Kalang,121101
1211012013,Bintang,121101
1211012014,Kalang Simbara,121101
1211012017,Bintang Mersada,121101
1211021007,Pegagan Julu I,121102
1211022001,Pegagan Julu X,121102
1211022002,Pegagan Julu IX,121102
1211022003,Pegagan Julu VIII,121102
1211022004,Pegagan Julu VII,121102
1211022005,Pegagan Julu VI,121102
1211022006,Pegagan Julu V,121102
1211022008,Pegagan Julu IV,121102
1211022009,Pegagan Julu III,121102
1211022010,Pegagan Julu II,121102
1211022014,Tanjung Beringin,121102
1211022015,Dolok Tolong,121102
1211022017,Pargambiran,121102
1211022018,Perjuangan,121102
1211022020,Kuta Gugung,121102
1211022024,Sileuh-leuh Parsaoran,121102
1211022025,Barisan Nauli,121102
1211022026,Pangguruan,121102
1211022027,Tanjung Beringin I,121102
1211032001,Sumbul Tengah,121103
1211032002,Ujung Teran,121103
1211032003,Juma Gerat,121103
1211032004,Sarintonu,121103
1211032005,Tigalingga,121103
1211032006,Palding,121103
1211032007,Lau Bagot,121103
1211032008,Bertungen Julu,121103
1211032009,Lau Molgap,121103
1211032010,Lau Pak-Pak,121103
1211032012,Sukandebi,121103
1211032013,Lau Mil,121103
1211032014,Lau Sireme,121103
1211032019,Palding Jaya Sumbul,121103
1211042001,Sinampang,121104
1211042002,Sihorbo,121104
1211042003,Soban,121104
1211042004,Adian Nangka,121104
1211042005,Bunturaja,121104
1211042006,Juma Siulok,121104
1211042007,Juma Teguh,121104
1211042008,Sosor Lontung,121104
1211042009,Huta Imbaru,121104
1211042010,Jumantuang,121104
1211042011,Gomit,121104
1211042012,Adian Gupa,121104
1211042013,Maju,121104
1211051014,Parongil,121105
1211052008,Palipi,121105
1211052010,Longkotan,121105
1211052011,Bongkaras,121105
1211052012,Tungtung Batu,121105
1211052013,Polling Anak-Anak,121105
1211052015,Siratah,121105
1211052016,Uruk Mblin,121105
1211052017,Siboras,121105
1211052018,Bonian,121105
1211052019,Sumbari,121105
1211052020,Bakal Gajah,121105
1211052021,Lae Panginuman,121105
1211052022,Lae Ambat,121105
1211052023,Lae Rambong,121105
1211052024,Lae Pangaroan,121105
1211062001,Sukadame,121106
1211062002,Gunung Tua,121106
1211062003,Harapan,121106
1211062004,Lau Primbon,121106
1211062005,Kuta Gamber,121106
1211062006,Kempawa,121106
1211062007,Tanah Pinem,121106
1211062008,Pamah,121106
1211062009,Kuta Buluh,121106
1211062010,Pasir Tengah,121106
1211062011,Renun,121106
1211062012,Lau Tawar,121106
1211062013,Balandua,121106
1211062014,Mangan Molih,121106
1211062015,Liang Jering,121106
1211062016,Alur Subur,121106
1211062017,Lau Njuhar I,121106
1211062018,Pasir Mbelang,121106
1211062019,Sinar Pagi,121106
1211072001,Tambahan,121107
1211072002,Kuta Tengah,121107
1211072003,Lae Nuaha,121107
1211072004,Sungai Raya,121107
1211072005,Gunung Meriah,121107
1211072006,Silumboyah,121107
1211072007,Pandan,121107
1211072008,Tualang,121107
1211072009,Pangaribuan,121107
1211072010,Sigambir-gambir,121107
1211072011,Bakal Julu,121107
1211072012,Sipoltong,121107
1211082001,Lae Itam,121108
1211082002,Lae Luhung,121108
1211082003,Pardomuan,121108
1211082004,Lae Markelang,121108
1211082005,Jambur Indonesia,121108
1211082006,Simungun,121108
1211082007,Janji,121108
1211082008,Sopo Butar,121108
1211082009,Lae Sering,121108
1211082010,Lae Haporas,121108
1211092001,Simanduma,121109
1211092002,Bandar Huta Usang,121109
1211092003,Onan Lama,121109
1211092004,Lingga Raja,121109
1211092005,Laksa,121109
1211092006,Tanjung Saluksuk,121109
1211092007,Bukit Tinggi,121109
1211092008,Simartugan,121109
1211092009,Kuta Usang,121109
1211092010,Lingga Raja II,121109
1211092011,Mbinanga,121109
1211092012,Bukit Baru,121109
1211092013,Perrik Mbue,121109
1211102001,Bangun,121110
1211102002,Lae Hole,121110
1211102003,Parbuluan IV,121110
1211102004,Parbuluan III,121110
1211102005,Parbuluan II,121110
1211102006,Parbuluan I,121110
1211102007,Parbuluan V,121110
1211102008,Parbuluan VI,121110
1211102009,Lae Hole I,121110
1211102010,Lae Hole II,121110
1211102011,Bangun I,121110
1211112001,Sumbul,121111
1211112002,Kentara,121111
1211112003,Lae Parira,121111
1211112004,Buluduri,121111
1211112005,Sempung Polling,121111
1211112006,Lumban Sihite,121111
1211112007,Lumban Toruan,121111
1211112008,Pandiangan,121111
1211112009,Kaban Julu,121111
1211122001,Bukit Lau Kersik,121112
1211122002,Gunung Sitember,121112
1211122003,Batu Gun Gun,121112
1211122004,Rante Besi,121112
1211122005,Gundaling,121112
1211122006,Kendit Liang,121112
1211122007,Lau Lebah,121112
1211122008,Tupak Raja,121112
1211132001,Sambaliang,121113
1211132002,Pasi,121113
1211132003,Banjar Toba,121113
1211132004,Berampu,121113
1211132005,Karing,121113
1211142001,Silalahi II,121114
1211142002,Silalahi I,121114
1211142003,Paropo,121114
1211142004,Silalahi III,121114
1211142005,Paropo I,121114
1211151004,Panji Dabutar,121115
1211152001,Sitinjo,121115
1211152002,Sitinjo I,121115
1211152003,Sitinjo II,121115
1212011034,Balige I,121201
1212011035,Balige III,121201
1212011036,Pardede Onan,121201
1212011037,Sangkar Nihuta,121201
1212011038,Lumban Dolok Hauma Bange,121201
1212011039,Napitupulu Bagasan,121201
1212012003,Hutanamora,121201
1212012004,Hutagaol Peatalun,121201
1212012005,Hinalang Bagasan,121201
1212012006,Matio,121201
1212012007,Lumban Pea,121201
1212012008,Hutabulu Mejan,121201
1212012010,Lumban Gaol,121201
1212012011,Parsuratan,121201
1212012012,Baruara,121201
1212012013,Aek Bolon Julu,121201
1212012014,Sibolahotang SAS,121201
1212012015,Lumban Bulbul,121201
1212012016,Sianipar Sihailhail,121201
1212012017,Silalahi Pagar Batu,121201
1212012018,Lumban Silintong,121201
1212012019,Saribu Raja Janji,121201
1212012022,Longat,121201
1212012023,Balige II,121201
1212012024,Aek Bolon Jae,121201
1212012025,Lumban Gorat,121201
1212012026,Sibuntuon,121201
1212012027,Siboruon,121201
1212012028,Paindoan,121201
1212012029,Bonan Dolok I,121201
1212012030,Bonan Dolok II,121201
1212012031,Bonan Dolok III,121201
1212012032,Huta Dame,121201
1212012040,Lumban Pea Timur,121201
1212012041,Tambunan Sunge,121201
1212021001,Pasar Laguboti,121202
1212022002,Sibuea,121202
1212022003,Sintong Marnipi,121202
1212022004,Sibarani Nasampulu/Namungk up,121202
1212022005,Aruan,121202
1212022006,Sidulang,121202
1212022007,Ujung Tanduk,121202
1212022008,Haunatas II,121202
1212022009,Pardomuan Nauli,121202
1212022010,Sitangkola,121202
1212022011,Tinggir Nipasir,121202
1212022012,Haunatas I,121202
1212022013,Pintu Bosi,121202
1212022014,Simatibung,121202
1212022015,Lumban Binanga,121202
1212022016,Ompu Raja Hutapea,121202
1212022017,Gasaribu,121202
1212022018,Pardinggaran,121202
1212022019,Sitoluama,121202
1212022020,Lumban Bagasan,121202
1212022021,Siraja Gorat,121202
1212022022,Ompu Raja Hutapea Timur,121202
1212022023,Ompu Raja Hatulian,121202
1212032001,Pintu Batu,121203
1212032002,Sitorang,121203
1212032003,Parsambilan,121203
1212032004,Huta Gur- Gur II,121203
1212032005,Silaen,121203
1212032006,Ombur,121203
1212032008,Natolutali,121203
1212032009,Dalihan Natolu,121203
1212032010,Sigodang Tua,121203
1212032014,Sinta Dame,121203
1212032015,Hutanamora,121203
1212032017,Pardomuan,121203
1212032018,Huta Gur-Gur I,121203
1212032022,Lumban Dolok,121203
1212032023,Napitupulu,121203
1212032024,Hutagaol Sihujur,121203
1212032025,Meranti Barat,121203
1212032026,Sibide Barat,121203
1212032027,Sibide,121203
1212032028,Simanobak,121203
1212032029,Panindi,121203
1212032030,Siringkiron,121203
1212032031,Marbulang,121203
1212041009,Parsoburan Tengah,121204
1212042002,Lumban Rau Selatan,121204
1212042004,Lumban Rau Barat,121204
1212042006,Lumban Balik,121204
1212042007,Panamparan,121204
1212042008,Lumban Pinasa,121204
1212042010,Parsoburan Barat,121204
1212042011,Lumban Ruhap,121204
1212042012,Lumban Pea,121204
1212042014,Hitetano,121204
1212042017,Lobu Hole,121204
1212042018,Batu Nabolon,121204
1212042019,Lumban Gaol,121204
1212042020,Tornagodang,121204
1212042021,Taon Marisi,121204
1212042022,Pagar Batu,121204
1212042023,Sibuntuon,121204
1212042024,Pararungan,121204
1212042025,Lumban Lintong,121204
1212042026,Pangunjungan,121204
1212042027,Lumban Pinasa,121204
1212042028,Aek Ulok,121204
1212052001,Meranti Utara,121205
1212052002,Meranti Timur,121205
1212052003,Meranti Tengah,121205
1212052007,Pintu Pohan,121205
1212052008,Ambar Halim,121205
1212052009,Pintu Pohan Dolok,121205
1212052010,Halado,121205
1212062001,Natumingka,121206
1212062002,Pangururan,121206
1212062003,Pardomuan Nauli,121206
1212062004,Lintong,121206
1212062005,Rianiate,121206
1212062006,Aek Unsim,121206
1212062007,Purba Tua,121206
1212062008,Janji Maria,121206
1212062009,Pangururan II,121206
1212062010,Pangururan III,121206
1212062011,Hutagurgur,121206
1212062012,Simare,121206
1212062013,Lumban Sewa,121206
1212062014,Riganjang,121206
1212062015,Pasar Borbor,121206
1212071037,Pasar Porsea,121207
1212071038,Patane III,121207
1212071039,Parparean III,121207
1212072001,Patane IV,121207
1212072003,Lumban Gurning,121207
1212072004,Amborgang,121207
1212072005,Nalela,121207
1212072007,Patane II,121207
1212072022,Gala Gala Pangkailan,121207
1212072023,Silamosik I,121207
1212072030,Parparean IV,121207
1212072031,Parparean I,121207
1212072033,Parparean II,121207
1212072036,Patane I,121207
1212072040,Patane V,121207
1212072041,Simpang Sigura-Gura,121207
1212072042,Raut Bosi,121207
1212081009,Parsaoran Ajibata,121208
1212082001,Sigapiton,121208
1212082002,Pardomuan Ajibata,121208
1212082003,Pardamean Ajibata,121208
1212082004,Motung,121208
1212082005,Horsik,121208
1212082006,Sirungkungon,121208
1212082007,Parsaoran Sibisa,121208
1212082008,Pardamean Sibisa,121208
1212082010,Pardomuan Motung,121208
1212092002,Lintong Julu,121209
1212092003,Hatinggian,121209
1212092004,Sibaruang,121209
1212092005,Jangga Toruan,121209
1212092006,Sionggang Selatan,121209
1212092007,Pasar Lumban Julu,121209
1212092008,Sionggang Utara,121209
1212092014,Sionggang Tengah,121209
1212092015,Jangga Dolok,121209
1212092016,Hutanamora,121209
1212092017,Jonggi Nihuta,121209
1212092018,Aek Natolu Jaya,121209
1212102001,Dolok Saribu Janji Matogu,121210
1212102002,Dolok Nagodang,121210
1212102003,Lumban Binanga,121210
1212102004,Partor Janji Matogu,121210
1212102005,Parhabinsaran Janji Matogu,121210
1212102006,Parik,121210
1212102007,Sibuntuon,121210
1212102008,Sigaol Barat,121210
1212102009,Marom,121210
1212102010,Sigaol Timur,121210
1212102012,Siregar Aek Nalas,121210
1212102014,Lumban Holbung,121210
1212102015,Parbagasan Janji Matogu,121210
1212102016,Partoruan Janji Matogu,121210
1212102017,Lumban Nabolon,121210
1212102018,Sampuara,121210
1212102019,Dolok Saribu Lumban,121210
1212191007,Sigumpar Dangsina,121219
1212192001,Marsangap,121219
1212192002,Nauli,121219
1212192003,Situa-tua,121219
1212192004,Sigumpar,121219
1212192005,Maju,121219
1212192006,Dolok Jior,121219
1212192008,Sigumpar Julu,121219
1212192009,Sigumpar Barat,121219
1212192010,Banua Huta,121219
1212202001,Narumonda I,121220
1212202002,Narumonda II,121220
1212202003,Narumonda III,121220
1212202004,Narumonda IV,121220
1212202005,Narumonda V,121220
1212202006,Narumonda VI,121220
1212202007,Narumonda VII,121220
1212202008,Narumonda VIII,121220
1212202009,Siantar Sitio Tio,121220
1212202010,Siantar Dangsina,121220
1212202011,Siantar Tonga-tonga I,121220
1212202012,Siantar Tonga-Tonga,121220
1212202013,Siantar Sigordang,121220
1212202014,Siantar Tonga-Tonga III,121220
1212212001,Lumban Rau Tengah,121221
1212212002,Lumban Rau Timur,121221
1212212003,Lumban Rau Utara,121221
1212212004,Sipagabu,121221
1212212005,Napajoring,121221
1212212006,Liat Tondung,121221
1212212007,Batu Manumpak,121221
1212212008,Lumban Rau Tenggara,121221
1212212009,Cinta Damai,121221
1212212010,Siantarasa,121221
1212222001,Lintong Nihuta,121222
1212222002,Tarabunga,121222
1212222003,Meat,121222
1212222004,Gurgur Aek Raja,121222
1212222005,Tangga Batu Barat,121222
1212222006,Tangga Batu Timur,121222
1212232001,Sihiong,121223
1212232002,Sinar Sabungan,121223
1212232003,Lumban Lobu,121223
1212232004,Harungguan,121223
1212232005,Naga Timbul,121223
1212232006,Sibadihon,121223
1212232007,Silamosik II,121223
1212232011,Partoruan Lumban Lobu,121223
1212232012,Pardolok Lumban Lobu,121223
1212232013,Silombu,121223
1212232014,Lumban Sangkalan,121223
1212232015,Nagatimbul Timur,121223
1212242001,Siantar Utara,121224
1212242002,Lumban Sitorus,121224
1212242003,Banjar Ganjang,121224
1212242004,Tangga Batu I,121224
1212242005,Tangga Batu II,121224
1212242006,Pangombusan,121224
1212242007,Jonggi Manulus,121224
1212242008,Lumban Huala,121224
1212242009,Dolok Nauli,121224
1212242010,Lumban Sirait Gu,121224
1212242011,Lumban Manurung,121224
1213011011,Kota Siantar,121301
1213011014,Kayu Jati,121301
1213011022,Pasar Hilir,121301
1213011023,Pidoli Dolok,121301
1213011031,Panyabungan II,121301
1213011032,Panyabungan III,121301
1213011033,Panyabungan I,121301
1213011035,Sipolu-Polu,121301
1213011036,Dalan Lidang,121301
1213012001,Adian Jior,121301
1213012002,Aek Banir,121301
1213012003,Aek Mata,121301
1213012004,Darussalam,121301
1213012005,Gunung Barani,121301
1213012006,Gunung Manaon,121301
1213012007,Gunung Tua Jae,121301
1213012008,Gunung Tua Julu,121301
1213012009,Gunung Tua Tonga,121301
1213012010,Huta Lombang Lubis,121301
1213012012,Ipar Bondar,121301
1213012013,Kampung Padang,121301
1213012015,Lumban Pasir,121301
1213012016,Manyabar,121301
1213012017,Pagaran Tonga,121301
1213012018,Panyabungan Jae,121301
1213012019,Panyabungan Julu,121301
1213012020,Panyabungan Tonga,121301
1213012021,Perbangunan,121301
1213012024,Pidoli Lombang,121301
1213012025,Salam Bue,121301
1213012026,Sarak Matua,121301
1213012027,Sigalapang Julu,121301
1213012028,Siobon Julu,121301
1213012029,Sipapaga,121301
1213012030,Sopobatu,121301
1213012037,Siobon Jae,121301
1213012038,Panggorengan,121301
1213012039,Saba Jambu,121301
1213012040,Manyabar Jae,121301
1213021012,Mompang Jae,121302
1213022002,Beringin Jaya,121302
1213022007,Huta damai,121302
1213022008,Jambur Padang Matinggi,121302
1213022009,Kampung Baru,121302
1213022010,Mompang Julu,121302
1213022014,Rumbio,121302
1213022015,Suka Ramai,121302
1213022017,Sopo Sorik,121302
1213022018,Simanondong,121302
1213022019,Torbanua Raja,121302
1213022020,Tanjung Mompang,121302
1213031002,Gunung Baringin,121303
1213032001,Aek Nabara,121303
1213032003,Hutaimbaru,121303
1213032004,Huta Bangun,121303
1213032005,Huta Tinggi,121303
1213032006,Pagur,121303
1213032007,Pardomuan,121303
1213032008,Parmompang,121303
1213032009,Ranto Natas,121303
1213032010,Sirangkap,121303
1213032011,Tanjung,121303
1213032012,Tebing Tinggi,121303
1213032013,Tanjung Julu,121303
1213032014,Banjar Lancat,121303
1213032015,Padang Laru,121303
1213041009,Tano Bato,121304
1213042001,Aek Ngali,121304
1213042002,Hutarimbaru,121304
1213042003,Hayuraja,121304
1213042004,Huta Julu,121304
1213042005,Kayu Laut,121304
1213042006,Lumban Dolok,121304
1213042007,Roburan Dolok,121304
1213042008,Roburan Lombang,121304
1213042010,Huta Raja,121304
1213042011,Pagaran Gala-Gala,121304
1213051006,Longat,121305
1213052001,Barbaran,121305
1213052002,Barbaran Jae,121305
1213052003,Batang Gadis,121305
1213052004,Huta Baringin,121305
1213052005,Huta Tonga BB,121305
1213052007,Runding,121305
1213052008,Sirambas,121305
1213052009,Saba Jior,121305
1213052010,Batang Gadis Jae,121305
1213061014,Siabu,121306
1213061023,Simangambat,121306
1213062001,Aek Mual,121306
1213062002,Bonan Dolok,121306
1213062003,Huta Raja,121306
1213062004,Huta Puli,121306
1213062005,Huta Baringin,121306
1213062006,Huta Godang Muda,121306
1213062007,Huraba I,121306
1213062008,Huraba II,121306
1213062009,Lumban Pinasa,121306
1213062010,Lumban Dolok,121306
1213062011,Muara Btg. Angkola,121306
1213062012,Pintu Padang Jae,121306
1213062013,Pintu Padang Julu,121306
1213062015,Sibaruang,121306
1213062016,Sihepeng,121306
1213062017,Simaninggir,121306
1213062018,Sinonoan,121306
1213062019,Tangga Bosi II,121306
1213062020,Tanjung Sialang,121306
1213062021,Tangga Bosi I,121306
1213062022,Tangga Bosi III,121306
1213062024,Sihepeng Sada,121306
1213062025,Sihepeng Dua,121306
1213062026,Sihepeng Tolu,121306
1213062027,Sihepeng Opat,121306
1213062028,Sihepeng Lima,121306
1213072001,Bange,121307
1213072003,Huta Bangun,121307
1213072005,Janji Matogu,121307
1213072006,Malintang Jae,121307
1213072007,Malintang Julu,121307
1213072008,Pasar Baru Malintang,121307
1213072010,Sidojadi,121307
1213072013,Lambou Darul Ihsan,121307
1213072014,Huta Bangun Jae,121307
1213072015,Bange Nauli,121307
1213072016,Malintang,121307
1213081032,Tamiang,121308
1213081036,Pasar Kotanopan,121308
1213082001,Batahan,121308
1213082002,Botung,121308
1213082003,Gading Bain,121308
1213082004,Gunung Tua MS,121308
1213082005,Gunung Tua SM,121308
1213082006,Hutapuli,121308
1213082007,Huta Padang MS,121308
1213082008,Hutarimbaru SM,121308
1213082009,Huta Baringin TB,121308
1213082010,Huta Pungkut Jae,121308
1213082011,Huta Pungkut Tonga,121308
1213082012,Huta Pungkut Julu,121308
1213082013,Huta Dangka,121308
1213082014,Muara Potan,121308
1213082015,Muara Siambak,121308
1213082016,Manambin,121308
1213082017,Muara Pungkut,121308
1213082018,Muara Botung,121308
1213082019,Pagar Gunung,121308
1213082020,Padang Bulan,121308
1213082021,Patialo,121308
1213082022,Saba Dolok,121308
1213082023,Singengu Jae,121308
1213082024,Singengu Julu,121308
1213082025,Sayur Maincat,121308
1213082026,Simpang Tolang Jae,121308
1213082027,Simpang Tolang Julu,121308
1213082028,Sibio Bio,121308
1213082029,Sopo Sorik,121308
1213082030,Simandolam,121308
1213082031,Tombang Bustak,121308
1213082033,Tobang,121308
1213082034,Ujung Marisi,121308
1213082035,Usor Tolang,121308
1213091008,Pasar Maga,121309
1213092001,Aek Marian MG,121309
1213092002,Bangun Purba,121309
1213092003,Maga Lombang,121309
1213092004,Maga Dolok,121309
1213092005,Purba Baru,121309
1213092006,Purba Lamo,121309
1213092007,Pangkat,121309
1213092009,Siantona,121309
1213101010,Laru Lombang,121310
1213102001,Angin Barat,121310
1213102006,Huta Tonga AB,121310
1213102007,Laru Baringin,121310
1213102008,Laru Bolak,121310
1213102009,Laru Dolok,121310
1213102011,Lumban Pasir,121310
1213102012,Muara Mais,121310
1213102013,Muara Mais Jambur,121310
1213102014,Padang Sanggar,121310
1213102015,Panjaringan,121310
1213102016,Pasar Laru,121310
1213102017,Pastap,121310
1213102018,Pastap Julu,121310
1213102020,Rao Rao Dolok,121310
1213102021,Rao Rao Lombang,121310
1213102025,Simangambat TB,121310
1213102026,Tambangan Jae,121310
1213102027,Tambangan Pasoman,121310
1213102028,Tambangan Tonga,121310
1213111003,Huta Godang,121311
1213112001,Alahan Kae,121311
1213112002,Habincaran,121311
1213112004,Huta Padang UP,121311
1213112005,Hutaimbaru UP,121311
1213112006,Muara Saladi,121311
1213112007,Patahajang,121311
1213112008,Simpang Banyak Jae,121311
1213112009,Simpang Banyak Julu,121311
1213112010,Simpang Duhu Dolok,121311
1213112011,Simpang Duhu Lombang,121311
1213112012,Simpang Pining,121311
1213112013,Tolang,121311
1213121019,Pasar Muara Sipongi,121312
1213122001,Bandar Panjang,121312
1213122002,Bandar Panjang Tuo,121312
1213122007,Kampung Pinang,121312
1213122008,Koto Baringin,121312
1213122009,Limau Manis,121312
1213122012,Ranjo Batu,121312
1213122013,Sibinail,121312
1213122015,Simpang Mandepo,121312
1213122016,Tamiang Mudo,121312
1213122017,Tanjung Alai,121312
1213122020,Tanjung Medan,121312
1213122021,Muara Kumpulan,121312
1213122022,Aek Botung,121312
1213122023,Koto Boru,121312
1213122024,Tanjung Larangan,121312
1213131017,Muara Soma,121313
1213132001,Aek Guo,121313
1213132002,Aek Holbung,121313
1213132003,Aek Manggis,121313
1213132004,Aek Nabara,121313
1213132005,Aek Nangali,121313
1213132006,Ampung Julu,121313
1213132007,Ampung Padang,121313
1213132008,Ampung Siala,121313
1213132009,Bangkelang,121313
1213132010,Banjar Malayu,121313
1213132011,Batu Madinding,121313
1213132012,Bulu Soma,121313
1213132013,Guo Batu,121313
1213132014,Hadangkahan,121313
1213132015,Hatupangan,121313
1213132016,Muara Parlampungan,121313
1213132018,Rantobi,121313
1213132019,Rao Rao,121313
1213132020,Simanguntong,121313
1213132021,Sipogu,121313
1213132022,Sopo Tinjak,121313
1213132023,Tarlola,121313
1213132024,Tombang Kaluang,121313
1213132025,Huta Lobu,121313
1213132026,Lubuk Samboa,121313
1213132027,Jambur Baru,121313
1213132028,Aek Baru Jae,121313
1213132029,Aek Baru Julu,121313
1213132030,Lubuk Bondar,121313
1213132031,Tor Naincat,121313
1213141024,Simpang Gambir,121314
1213141028,Tapus,121314
1213142001,Aek Garingging,121314
1213142002,Aek Manyuruk,121314
1213142003,Bandar Limabung,121314
1213142006,Lancat,121314
1213142010,Kampung Baru,121314
1213142011,Lobung,121314
1213142014,Pangkalan,121314
1213142015,Perk. Simpang,121314
1213142019,Sikumbu,121314
1213142021,Simpang Bajole,121314
1213142022,Simpang Duku,121314
1213142023,Simpang Durian,121314
1213142025,Simpang Koje,121314
1213142029,Dalan Lidang Dua Sepakat,121314
1213142031,Bonca Bayuon,121314
1213142034,Perbatasan,121314
1213142035,Tangsi Atas,121314
1213151011,Pasar Baru Batahan,121315
1213152001,Banjar Aur,121315
1213152003,Batahan I,121315
1213152004,Batu Sondat,121315
1213152005,Bintungan Bejangkar,121315
1213152007,Kampung Kapas,121315
1213152008,Kuala Batahan,121315
1213152009,Kubangan Tompek,121315
1213152010,Muara Pertemuan,121315
1213152012,Pasar Batahan,121315
1213152013,Pulau Tamang,121315
1213152014,Sari Kenanga Batahan,121315
1213152019,Batahan II,121315
1213152020,Batahan III,121315
1213152021,Batahan IV,121315
1213152022,Sinunukan VI,121315
1213152023,Kampung Kapas I,121315
1213152024,Kubangan Pandan Sari,121315
1213161008,Pasar II Natal,121316
1213161025,Pasar I Natal,121316
1213162001,Balimbing,121316
1213162002,Bintuas,121316
1213162003,Bonda Kase,121316
1213162004,Buburan,121316
1213162005,Kampung Sawah,121316
1213162006,Panggautan,121316
1213162007,Pardamean Baru,121316
1213162009,Pasar III Natal,121316
1213162010,Pasar V Natal,121316
1213162011,Patiluban Hilir,121316
1213162012,Patiluban Mudik,121316
1213162013,Perkebunan Patiluban,121316
1213162014,Rukun Jaya,121316
1213162015,Setia Karya,121316
1213162016,Sikara Kara,121316
1213162017,Sikara Kara I,121316
1213162018,Sikara Kara II,121316
1213162019,Sikara Kara III,121316
1213162020,Sikara Kara IV,121316
1213162021,Sundutan Tigo,121316
1213162022,Taluk,121316
1213162023,Tegal Sari,121316
1213162024,Tunas Karya,121316
1213162026,Pasar VI Natal,121316
1213162027,Sinunukan V,121316
1213162028,Suka Maju,121316
1213162029,Sasaran,121316
1213162030,Kun-Kun,121316
1213172001,Batu Mundom,121317
1213172002,Hutaimbaru,121317
1213172003,Lubuk Kapundung,121317
1213172004,Manuncang,121317
1213172005,Panunggulan,121317
1213172006,Pasar Singkuang I,121317
1213172007,Pasar Singkuang II,121317
1213172008,Rantau Panjang,121317
1213172009,Sikapas,121317
1213172010,Tabuyung,121317
1213172011,Tagilang Julu,121317
1213172012,Sali Baru,121317
1213172013,Lubuk Kapundung II,121317
1213172014,Suka Makmur,121317
1213182001,Manisak,121318
1213182002,Simpang Talap,121318
1213182003,Sampuran,121318
1213182004,Tandikek,121318
1213182005,Gonting,121318
1213182006,Bangun Saroha,121318
1213182007,Huta Baringin,121318
1213182008,Muara Bangko,121318
1213182009,Ranto Nalinjang,121318
1213182010,Banjar Maga,121318
1213182011,Huta Raja,121318
1213182012,Simaninggir,121318
1213182013,Ranto Panjang,121318
1213182014,Huta Nauli,121318
1213182015,Lubuk Kancah,121318
1213182016,Dua Sepakat,121318
1213182017,Gunung Godang,121318
1213182018,Padang Silojongan,121318
1213192001,Bangun Sejati,121319
1213192002,Hutarimbaru,121319
1213192003,Pasar Huta Bargot,121319
1213192004,Huta Bargot Lombang,121319
1213192005,Huta Bargot Dolok,121319
1213192006,Huta Bargot Setia,121319
1213192007,Huta Bargot Nauli,121319
1213192008,Mondan,121319
1213192009,Sayur Maincat,121319
1213192010,Kumpulan Setia,121319
1213192011,Simalagi,121319
1213192012,Saba Padang,121319
1213192013,Binanga,121319
1213192014,Huta Naingkan,121319
1213202001,Huta Lombang,121320
1213202002,Huta Baru,121320
1213202003,Handel,121320
1213202004,Hutatinggi,121320
1213202005,Hutanamale,121320
1213202006,Hutabaringin Julu,121320
1213202007,Sibanggor Jae,121320
1213202008,Sibanggor Tonga,121320
1213202009,Sibanggor Julu,121320
1213202010,Purba Julu,121320
1213202011,Huta Baringin,121320
1213212001,Pakantan Dolok,121321
1213212002,Pakantan Lombang,121321
1213212003,Huta Gambir,121321
1213212004,Huta Lancat,121321
1213212005,Huta Julu,121321
1213212006,Huta Toras,121321
1213212007,Huta Padang,121321
1213212008,Silogun,121321
1213222001,Sinunukan I,121322
1213222002,Sinunukan II,121322
1213222003,Sinunukan III,121322
1213222004,Sinunukan IV,121322
1213222005,Bintungan Bejangkar Baru,121322
1213222006,Banjar Aur Utara,121322
1213222007,Kampung Kapas II,121322
1213222008,Airapa,121322
1213222009,Sido Makmur,121322
1213222010,Wido Daren,121322
1213222011,Wono Sari,121322
1213222012,Suka Damai,121322
1213222013,Pasir Putih,121322
1213222014,Sinunukan I Central,121322
1213232001,Tambiski,121323
1213232002,Tarutung Panjang,121323
1213232003,Humbang I,121323
1213232004,Banua Rakyat,121323
1213232005,Sayur Matua,121323
1213232006,Banua Simanosor,121323
1213232007,Tambiski Nauli,121323
1214012002,Hilisangowola,121401
1214012005,Hiliotalua,121401
1214012006,Koendrafo,121401
1214012008,Lawa-lawa Luo,121401
1214012016,Tuhemberua,121401
1214012017,Tesikhori,121401
1214012021,Tumari,121401
1214012023,Ewo,121401
1214012026,Botohilindruria,121401
1214012027,Caritas Sogawunasi,121401
1214012028,Orudua Lawa-lawa Luo,121401
1214012029,Hilifaondrato,121401
1214022005,Doli-doli Idanotae,121402
1214022015,Lawa-lawa Luo Gomo,121402
1214022017,Lolosoni,121402
1214022023,Orahili Gomo,121402
1214022040,Suka Maju Mohili,121402
1214022041,Orahili Sibohou,121402
1214022042,Gunung Gabungan,121402
1214022043,Umbu Orahua,121402
1214032001,Bawolato,121403
1214032002,Bawozihono,121403
1214032004,Golambanua I,121403
1214032007,Hilisimaetano,121403
1214032009,Lahusa,121403
1214032014,Tetezou,121403
1214032016,Orahili Balaekha,121403
1214032017,Harenoro,121403
1214032018,Sarahililaza,121403
1214032024,Hiliabolata,121403
1214032025,Hiligambukha,121403
1214032026,Sinar Baru Darodaro,121403
1214032027,Hiliorudua,121403
1214032032,Hilizomboi,121403
1214032036,Oikhoda Balaekha,121403
1214032037,Angorudua Balaekha,121403
1214032038,Hilinawalo Balaekha,121403
1214032039,Sobawagoli,121403
1214032040,Lahusa I,121403
1214032041,Hiliwatema,121403
1214032042,Mogae,121403
1214032043,Sinar Baho,121403
1214042001,Duru,121404
1214042002,Tuwaso,121404
1214042003,Hilioromao,121404
1214042004,Eho,121404
1214042005,Sialema,121404
1214042006,Bowonifaoso,121404
1214042007,Hilianombasela,121404
1214042008,Lumbui Melayu,121404
1214042009,Hiliorodua Tebolo,121404
1214042010,Tebolo Melayu,121404
1214042021,Lumbui Nias,121404
1214042022,Baruyu Sibohou,121404
1214042023,Sepakat,121404
1214042024,Tano Mokinu,121404
1214042025,Hilikana,121404
1214042026,Hilinifaese,121404
1214042027,Omega,121404
1214051046,Pasar Pulau Tello,121405
1214052001,Hiliotalua,121405
1214052002,Bawodobara,121405
1214052005,Loboi,121405
1214052006,Hiliamaodula,121405
1214052007,Baruyu Lasara,121405
1214052008,Sifitu Ewali,121405
1214052009,Rapa-rapa Melayu,121405
1214052010,Sinauru,121405
1214052011,Siofa Ewali,121405
1214052012,Simaluaya,121405
1214052013,Silima Ewali,121405
1214052014,Sidua Ewali,121405
1214052027,Balogia,121405
1214052029,Lasonde,121405
1214052041,Koto,121405
1214052048,Onaya,121405
1214052049,Sisarahili,121405
1214052051,Sebuasi,121405
1214052054,Orahili,121405
1214061008,Pasar Teluk Dalam,121406
1214062006,Hiligeho,121406
1214062007,Hilitobara,121406
1214062009,Bawonifaoso,121406
1214062010,Bawozaua,121406
1214062011,Hiliganowo,121406
1214062023,Bawodobara,121406
1214062024,Bawolowalani,121406
1214062026,Hilisondrekha,121406
1214062040,Hiliamuri,121406
1214062044,Ganowo Saua,121406
1214062045,Nanowa,121406
1214062046,Hililaza,121406
1214072004,Sifaoroasi,121407
1214072005,Hilihoru,121407
1214072006,Hilimbulawa,121407
1214072008,Tuindrao,121407
1214072009,Hilimbowo,121407
1214072011,Mohili,121407
1214072012,Lolozaria,121407
1214072013,Lolomoyo,121407
1214072014,Hilifadolo,121407
1214072015,Orahili Eho,121407
1214072016,Sisobahili,121407
1214072023,Loloabolo,121407
1214072026,Sirofi,121407
1214072027,Hilindraso,121407
1214072028,Hilimaera,121407
1214072029,Boholu,121407
1214072030,Amandraya,121407
1214072032,Tuindrao I,121407
1214072033,Tuhemberua Amandraya,121407
1214082001,Amuri,121408
1214082009,Hilifadolo,121408
1214082014,Lolofaoso,121408
1214082015,Lolomoyo,121408
1214082016,Lolowau,121408
1214082017,Lolohowa,121408
1214082022,Sisarahili Ekholo,121408
1214082030,Tuhegafoa,121408
1214082033,Botohili,121408
1214082035,Hilikara,121408
1214082044,Samiri,121408
1214082047,Hilimbowo Siwalawa,121408
1214082048,Nituwu Boho,121408
1214092001,Sifalago Susua,121409
1214092002,Orahili Susua,121409
1214092004,Hiliorahua,121409
1214092005,Hilimboe,121409
1214092006,Hilimboho,121409
1214092008,Hiliwaebu,121409
1214092009,Hilidanayao,121409
1214092010,Hilizamurugo,121409
1214092011,Sisobahili,121409
1214092012,Dao-dao Zanuwo,121409
1214092013,Hiliorudua,121409
1214092014,Bintang Baru,121409
1214092015,Hilitobara Susua,121409
1214092016,Orahua Uluzoi,121409
1214092017,Hilisibohou,121409
1214092018,Hiliadulosoi,121409
1214102001,Hilisimaetano,121410
1214102002,Bawogosali,121410
1214102003,Hilifalawu,121410
1214102005,Samadaya Hilisimaetano,121410
1214102006,Idala Jaya Hilisimaetano,121410
1214102007,Pekan Hilisimaetano,121410
1214102008,Bonia Hilisimaetano,121410
1214102009,Ndraso Hilisimaetano,121410
1214102010,Faomasi Hilisimaetano,121410
1214102011,Eho Hilisimaetano,121410
1214102013,Hiliaurifa Hilisimaetano,121410
1214102015,Bawohosi Maniamolo,121410
1214102016,Bawosaodano,121410
1214112001,Togizita,121411
1214112002,Soledua,121411
1214112005,Togizita I,121411
1214112007,Hilitoese,121411
1214112008,Dao-dao Sowo,121411
1214112009,Hiliadulo,121411
1214112010,Soledua I,121411
1214112011,Soledua II,121411
1214122001,Hilisataro,121412
1214122002,Hilinamoniha,121412
1214122003,Hiliamaetaluo,121412
1214122004,Bawoganowo,121412
1214122006,Hilindrasoniha,121412
1214122007,Hilimagari,121412
1214122008,Hilisataro Raya,121412
1214122009,Hilisataro Gewa,121412
1214122010,Hilisoromi,121412
1214122011,Hiliasi,121412
1214122012,Hilindraso Raya,121412
1214122013,Hilisataro Nandisa,121412
1214122014,Hilisataro Eho Sofayo,121412
1214132002,Hilinawalo Mazino,121413
1214132003,Lawindra,121413
1214132004,Bawolahusa,121413
1214132005,Hilizoroi Lawa,121413
1214132008,Hililaza Hilinawalo Mazino,121413
1214132009,Hilifondege Hilizoroilawa,121413
1214132010,Lolomboli,121413
1214132011,Bawolahusa Doli-doli,121413
1214142001,Lawindra,121414
1214142004,Hiliuso,121414
1214142005,Balohili Mola,121414
1214142006,Ambukha,121414
1214142007,Tobualo,121414
1214142008,Hilibadalu,121414
1214142009,Foikhugaga,121414
1214142010,Orlin,121414
1214142011,Orahili Mola,121414
1214142012,Umbunasi,121414
1214152001,Hilitotao,121415
1214152002,Hiliorudua,121415
1214152003,Sisobambowo,121415
1214152004,Hiliamauzula,121415
1214152005,Aramo,121415
1214152006,Sikhorilafau,121415
1214152007,Hilifadolo,121415
1214152008,Hume,121415
1214152009,Dao-dao,121415
1214152010,Hilimagiao,121415
1214152011,Hilisawato,121415
1214152012,Balohao,121415
1214152013,Hiligafoa,121415
1214152014,Hilimbowo,121415
1214152015,Hilimezaya,121415
1214152016,Hiliadolowa,121415
1214152017,Hiligumbu,121415
1214152018,Bagoa,121415
1214162001,Labuhan Hiu,121416
1214162002,Labuhan Bazau,121416
1214162003,Labuan Rima,121416
1214162004,Lambak,121416
1214162005,Bais,121416
1214162006,Mahang Labara,121416
1214162007,Adam,121416
1214162008,Labara,121416
1214162009,Bais Baru,121416
1214162010,Labuan Rima Baru,121416
1214172002,Hilimbaruzo,121417
1214172003,Luahandroito,121417
1214172005,Orahuahili,121417
1214172006,Ulu Mazo,121417
1214172007,Guigui,121417
1214172009,Hilimaufa,121417
1214172010,Siofabanua,121417
1214172013,Tafulu,121417
1214182001,Bawomataluo,121418
1214182002,Orahili Fau,121418
1214182003,Bawonahono,121418
1214182005,Siwalawa,121418
1214182006,Onohondro,121418
1214182007,Hilinawalo Fau,121418
1214182008,Lahusa Fau,121418
1214182011,Hilizihono,121418
1214182012,Hiliofonaluo,121418
1214182015,Bawofanayama,121418
1214182017,Hilikara Maha,121418
1214182018,Hilisalawa,121418
1214182019,Hiligito,121418
1214182020,Siliwulawa,121418
1214182021,Hilifarokha Lawa,121418
1214182022,Eho Orahili,121418
1214182023,Ete Batu,121418
1214192001,Sambulu,121419
1214192002,Orahili Ulunoyo,121419
1214192003,Hiliwaebu,121419
1214192004,Amorosa,121419
1214192005,Marao,121419
1214192006,Borowosi,121419
1214192007,Hilimaera,121419
1214192008,Suka Maju,121419
1214192010,Hilifakhe,121419
1214192011,Bawo Lolomatua,121419
1214192012,Ambukha I,121419
1214192013,Puncak Lolomatua,121419
1214202001,Ehosakhozi,121420
1214202002,Bawohosi,121420
1214202003,Hilizoliga,121420
1214202004,Olayama,121420
1214202005,Sifaoroasi,121420
1214202006,Sifalago,121420
1214202007,Lalimanawa,121420
1214202008,Tundrumbaho,121420
1214202009,Hiliuso,121420
1214202010,Sisarahili Huruna,121420
1214202011,Tarewe,121420
1214202012,Fadoro Tuhemberua,121420
1214202013,Hilifalawu,121420
1214202014,Luahamofakhe,121420
1214202015,Sifaoroasi Huruna,121420
1214202016,Hilimanawa,121420
1214202017,Mombawa Oladano,121420
1214212001,Hilinamazihono,121421
1214212002,Hilimbowo,121421
1214212003,Simandraolo,121421
1214212005,Hilimbuasi,121421
1214212007,Lolomaya,121421
1214212008,Suka Maju,121421
1214212009,Hiliorudua,121421
1214212010,Hilinamazihono Moale,121421
1214222001,Fadoro Ewo,121422
1214222003,Lauso,121422
1214222004,Sisarahili Oyo,121422
1214222005,Sisobahili Huruna,121422
1214222006,Onohazumba,121422
1214222007,Hiliweto,121422
1214222008,Orahili Huruna,121422
1214222009,Tetehosi,121422
1214222010,Helefanikha,121422
1214232001,Maluo,121423
1214232002,Hiliadulo,121423
1214232003,Umbuasi,121423
1214232004,Sisobahili Siwalawa,121423
1214232005,Manawadano,121423
1214232006,Talio,121423
1214232007,Anaoma,121423
1214232008,Berua Siwalawa,121423
1214232009,Umbuasi Barat,121423
1214232010,Hiligodu,121423
1214232011,Bukit Burasi,121423
1214242001,Fondrakoraya,121424
1214242002,Orudua Sibohou,121424
1214242003,Sisarahili Susua,121424
1214242004,Susua,121424
1214242005,Lahusa Susua,121424
1214242006,Ramba-ramba,121424
1214242007,Hilinifaoso,121424
1214242008,Sifaoroasi,121424
1214242009,Amandraya,121424
1214242010,Foikhu Fondrako,121424
1214242011,Hiliwosi,121424
1214242012,Orahili Fondrako,121424
1214252001,Mondrowe,121425
1214252002,Hilidohona,121425
1214252003,Hililaora,121425
1214252004,Uluidanoduo,121425
1214252005,Umbu Sohahau,121425
1214252007,Taluzusua,121425
1214252008,Hilizanuwo,121425
1214252009,Hoya,121425
1214252011,Olanori,121425
1214262001,Sifitubanua,121426
1214262002,Siwalu Banua,121426
1214262003,Sitolu Banua,121426
1214262004,Silima Banua,121426
1214262005,Mehaga,121426
1214262007,Golambanua II,121426
1214262008,Oladano,121426
1214262009,Fanedanu,121426
1214262010,Hiliorahua Tasua,121426
1214262011,Somambawa,121426
1214262012,Gabungan Tasua,121426
1214262013,Hilialawa,121426
1214262014,Sinar Susua,121426
1214272001,Sifalago Gomo,121427
1214272002,Balohili Gomo,121427
1214272003,Bohalu,121427
1214272004,Orsedes,121427
1214272005,Sinar Helaowo,121427
1214272006,Siholi,121427
1214272007,Tuhegafoa,121427
1214272008,Perjuangan,121427
1214272009,Lewa-lewa,121427
1214272010,Siraha,121427
1214282001,Gobo,121428
1214282002,Silina,121428
1214282003,Maufa,121428
1214282004,Gondia,121428
1214282005,Gobo Baru,121428
1214282006,Silina Baru,121428
1214292001,Fuge,121429
1214292002,Luaha Idano Pono,121429
1214292003,Sigese,121429
1214292004,Bawositora,121429
1214292005,Bintuang,121429
1214292006,Sibaranun,121429
1214292007,Bawolawindra,121429
1214292008,Hayo,121429
1214292009,Hilizamorogotano,121429
1214302001,Siofa Banua Lorang,121430
1214302002,Silima Banua Marit,121430
1214302003,Zia Biang,121430
1214302004,Limo Biang,121430
1214302005,Memong,121430
1214302006,Bale-bale,121430
1214302007,Teluk Limo,121430
1214302008,Wawa,121430
1214302009,Marit Baru,121430
1214302010,Majino Lorang,121430
1214302011,Afore Gobo,121430
1214302012,Bale-bale Sibohou,121430
1214312001,Baluta,121431
1214312002,Eho Baluta,121431
1214312003,Bawo Ofuloa,121431
1214312004,Hale Baluta,121431
1214312005,Bawo Orudua,121431
1214312006,Jeke,121431
1214312007,Makole,121431
1214312008,Sifauruasi,121431
1214312009,Bawo Analita Saeru,121431
1214312010,Saeru Melayu,121431
1214312011,Hiligeho Sogawu,121431
1214312012,Hiliomasio,121431
1214322001,Botohilitano,121432
1214322003,Lagundri,121432
1214322004,Orahili Faomasi,121432
1214322005,Hiliamaetaniha,121432
1214322006,Sondregeasi,121432
1214322007,Botohili Silambo,121432
1214322008,Botohili Sorake,121432
1214322009,Hilimaenamolo,121432
1214322010,Bawomaenamolo,121432
1214332001,Hilifalago,121433
1214332002,Hilimondregeraya,121433
1214332003,Hilinamozaua,121433
1214332004,Hilifarono,121433
1214332005,Hilionaha,121433
1214332006,Hilikara,121433
1214332007,Hilialito Saua,121433
1214332008,Hilinamozaua Raya,121433
1214332009,Hilifalago Raya,121433
1214332010,Hilisanekhehosi,121433
1214342001,Fanedanu,121434
1214342002,Fanedanu Sibohou,121434
1214342003,Lawa-lawa Luo Idanotae,121434
1214342004,Dao-dao Zanuwo Idano Tae,121434
1214342005,Sisiwa Ewali,121434
1214342006,Sisarahili Ewo,121434
1214342008,Damai,121434
1214342009,Lolozukhu,121434
1214342010,Silima Banua Umbunasi,121434
1214342011,Sindrolo,121434
1214352001,Lahusa Idanotae,121435
1214352002,Hiliserangkai,121435
1214352003,Orahua,121435
1214352004,Hilimbowo Idanotae,121435
1214352005,Sirahia,121435
1214352006,Umbu Idanotae,121435
1214352007,Awoni,121435
1214352009,Balombaruzo Orahua,121435
1214352010,Harefa Orahua,121435
1214352011,Hiligabungan,121435
1214352012,Buhawa,121435
1215012001,Tanjung Meriah,121501
1215012002,Tanjung Mulia,121501
1215012003,Kaban Tengah,121501
1215012004,Bandar Baru,121501
1215012005,Simberruna,121501
1215012006,Perolihen,121501
1215012007,Maholida,121501
1215012008,Perjaga,121501
1215012009,Malum,121501
1215012010,Mbinalun,121501
1215022001,Sukaramai,121502
1215022002,Kuta Saga,121502
1215022003,Kuta Meriah,121502
1215022004,Kuta Dame,121502
1215022005,Perpulungen,121502
1215022006,Pardomuan,121502
1215022014,Majanggut I,121502
1215022015,Majanggut II,121502
1215022016,Surung Mersada,121502
1215022021,Perduhapen,121502
1215032001,Salak I,121503
1215032002,Salak II,121503
1215032003,Boangmanalu,121503
1215032009,Sibongkaras,121503
1215032013,Kuta Tinggi,121503
1215032014,Penanggalan Binanga,121503
1215042001,Ulumerah,121504
1215042002,Pardomuan,121504
1215042003,Silima Kuta,121504
1215042004,Lae Langge,121504
1215042005,Cikaok,121504
1215052001,Kecupak I,121505
1215052002,Kecupak II,121505
1215052003,Aornakan I,121505
1215052004,Simerpara,121505
1215052005,Aornakan II,121505
1215062001,Sibagindar,121506
1215062002,Napatalun Perlambuken,121506
1215062003,Lae Mbentar,121506
1215062004,Pagindar,121506
1215072001,Kuta Babo,121507
1215072002,Tinada,121507
1215072003,Silima Kuta,121507
1215072004,Mahala,121507
1215072005,Prongil,121507
1215072006,Buluh Tellang,121507
1215082001,Siempat Rube II,121508
1215082002,Siempat Rube I,121508
1215082003,Mungkur,121508
1215082004,Siempat Rube IV,121508
1215082005,Kuta Jungak,121508
1215082006,Traju,121508
1216012002,Pusuk II Simaninggir,121601
1216012003,Sionom Hudon VII,121601
1216012004,Baringin,121601
1216012005,Sionom Hudon Julu,121601
1216012006,Sionom Hudon Tonga,121601
1216012007,Sionom Hudon Utara,121601
1216012008,Sionom Hudon Selatan,121601
1216012009,Sionom Hudon Timur,121601
1216012010,Sihotang Hasugian Tonga,121601
1216012011,Pusuk I,121601
1216012012,Sionom Hudon Toruan,121601
1216012013,Simataniari,121601
1216012014,Sionom Hudon Timur II,121601
1216012015,Sihotang Hasugian Dolok II,121601
1216012016,Sihotang Hasugian Habinsaran,121601
1216012017,Sionom Hudon Sibulbulon,121601
1216012018,Sionom Hudon Runggu,121601
1216012019,Janji Hutanapa,121601
1216012020,Baringin Natam,121601
1216012021,Sihotang Hasugian Dolok I,121601
1216022001,Parsingguran I,121602
1216022002,Hutapaung,121602
1216022003,Pollung,121602
1216022004,Hutajulu,121602
1216022005,Ria Ria,121602
1216022006,Parsingguran II,121602
1216022007,Pansurbatu,121602
1216022008,Aek Nauli I,121602
1216022009,Aek Nauli II,121602
1216022010,Pandumaan,121602
1216022011,Sipituhuta,121602
1216022012,Pardomuan,121602
1216022013,Hutapaung Utara,121602
1216032001,Marbun Toruan,121603
1216032002,Simamora,121603
1216032003,Tipang,121603
1216032004,Sinambela,121603
1216032005,Simangulampe,121603
1216032006,Siunong Unong Julu,121603
1216032007,Marbun Tonga Marbun Dolok,121603
1216042001,Sihonongan,121604
1216042002,Paranginan Selatan,121604
1216042003,Paranginan Utara,121604
1216042004,Lumban Sialaman,121604
1216042005,Pearung,121604
1216042006,Lobutolong,121604
1216042007,Lumban Barat,121604
1216042008,Siboru Torop,121604
1216042009,Pearung Silali,121604
1216042010,Lumban Sianturi,121604
1216042011,Lobutolong Habinsaran,121604
1216052001,Sibuntuon Partur,121605
1216052002,Siharjulu,121605
1216052003,Sitolu Bahal,121605
1216052004,Tapian Nauli,121605
1216052005,Pargaulan,121605
1216052006,Lobutua,121605
1216052007,Dolok Margu,121605
1216052008,Hutasoit I,121605
1216052009,Nagasaribu I,121605
1216052010,Nagasaribu II,121605
1216052011,Sibuntoan Parpea,121605
1216052012,Siponjot,121605
1216052013,Habeahan,121605
1216052014,Sigompul,121605
1216052015,Bonan Dolok,121605
1216052016,Sigumpar,121605
1216052017,Parulohan,121605
1216052018,Sitio II,121605
1216052019,Hutasoit II,121605
1216052020,Nagasaribu III,121605
1216052021,Nagasaribu IV,121605
1216052022,Nagasaribu V,121605
1216061001,Pasar Dolok Sanggul,121606
1216062002,Sileang,121606
1216062003,Purba Manalu,121606
1216062004,Pasaribu,121606
1216062005,Simarigung,121606
1216062006,Sampean,121606
1216062007,Silaga Laga,121606
1216062008,Sosor Gonting,121606
1216062009,Sosor Tambok,121606
1216062010,Purba Dolok,121606
1216062011,Sihite I,121606
1216062012,Lumban Tobing,121606
1216062013,Hutabagasan,121606
1216062014,Matiti II,121606
1216062015,Saitnihuta,121606
1216062016,Hutaraja,121606
1216062017,Lumban Purba,121606
1216062018,Bonanionan,121606
1216062019,Parik Sinomba,121606
1216062020,Sihite II,121606
1216062021,Janji,121606
1216062022,Pakkat,121606
1216062023,Sirisirisi,121606
1216062024,Hutagurgur,121606
1216062025,Matiti,121606
1216062026,Aek Lung,121606
1216062027,Simangaronsang,121606
1216062028,Sosortolong Sihite III,121606
1216072001,Batunajagar,121607
1216072002,Sanggaran I,121607
1216072003,Sitapongan,121607
1216072004,Sigulok,121607
1216072005,Hutaginjang,121607
1216072006,Siborboron,121607
1216072007,Bonan Dolok I,121607
1216072008,Bonan Dolok II,121607
1216072009,Sibuntuon,121607
1216072010,Nagurguran,121607
1216082001,Batu Nagodang Siatas,121608
1216082002,Onan Ganjang,121608
1216082003,Parbotihan,121608
1216082004,Sihikit,121608
1216082005,Parnapa,121608
1216082006,Janji Nagodang,121608
1216082007,Sampe Tua,121608
1216082008,Hutajulu,121608
1216082009,Sibuluan,121608
1216082010,Sigalogo,121608
1216082011,Aek Godang Arbaan,121608
1216082012,Sanggaran II,121608
1216092001,Purba Bersatu,121609
1216092002,Purba Baringin,121609
1216092003,Karya,121609
1216092004,Manalu,121609
1216092005,Sijarango,121609
1216092006,Tukka Dolok,121609
1216092007,Siambaton,121609
1216092008,Parmonangan,121609
1216092009,Sipagabu,121609
1216092010,Banuarea,121609
1216092011,Rura Tanjung,121609
1216092012,Rura Aek Sopang,121609
1216092013,Lumban Tonga-Tonga,121609
1216092014,Pulo Godang,121609
1216092015,Pakkat Hauagong,121609
1216092016,Peadungdung,121609
1216092017,Sijarango I,121609
1216092018,Ambobi Paranginan,121609
1216092019,Purba Sianjur,121609
1216092020,Siambaton Pahae,121609
1216092021,Panggugunan,121609
1216092022,Hauagong,121609
1216102001,Tarabintang,121610
1216102002,Sihotang Hasugian Toruan,121610
1216102003,Sibongkare,121610
1216102004,Sitanduk,121610
1216102005,Sihombu,121610
1216102006,Simbara,121610
1216102007,Marpadan,121610
1216102008,Mungkur,121610
1216102009,Sibongkare Sianju,121610
1217011016,Tuktuk Siadong,121701
1217012001,Tomok,121701
1217012002,Sihusapi,121701
1217012003,Maduma,121701
1217012004,Dosroha,121701
1217012005,Ambarita,121701
1217012006,Martoba,121701
1217012007,Garoga,121701
1217012008,Simanindo Sangkal,121701
1217012009,Cinta Dame,121701
1217012010,Huta Ginjang,121701
1217012011,Pardomuan,121701
1217012012,Parmonangan,121701
1217012013,Parbalohan,121701
1217012014,Tanjungan,121701
1217012015,Simarmata,121701
1217012017,Tomok Parsaoran,121701
1217012018,Marlumba,121701
1217012019,Simanindo,121701
1217012020,Unjur,121701
1217012021,Siallagan Pindaraya,121701
1217022001,Pakpahan,121702
1217022002,Huta Hotang,121702
1217022003,Sitinjak,121702
1217022004,Pardomuan,121702
1217022005,Tambun Sungkean,121702
1217022006,Rina Bolak,121702
1217022007,Onan Runggu,121702
1217022008,Sitamiang,121702
1217022009,Janji Matogu,121702
1217022010,Silima Lombu,121702
1217022011,Sipira,121702
1217022012,Harian,121702
1217031011,Parhusip III,121703
1217031012,Sirumahombar,121703
1217032001,Pangaloan,121703
1217032002,Hutarihit,121703
1217032003,Sinaga Uruk Pandiangan,121703
1217032004,Toguan Galung,121703
1217032005,Pananggangan,121703
1217032006,Pasaran Parsaoran,121703
1217032007,Sipinggan Lumban Siantar,121703
1217032008,Sibonor Ompu Ratus,121703
1217032009,Nainggolan,121703
1217032010,Pasaran I,121703
1217032013,Pananggangan II,121703
1217032014,Sipinggan,121703
1217032015,Janji Marapot,121703
1217042001,Suhutnihuta Pardomuan,121704
1217042002,Gorat Pallombuan,121704
1217042003,Urat II,121704
1217042004,Palipi,121704
1217042005,Pardomuan Nauli,121704
1217042006,Hatoguan,121704
1217042007,Simbolon Purba,121704
1217042008,Sigaol Simbolon,121704
1217042009,Urat Timur,121704
1217042010,Saor Nauli Hatoguan,121704
1217042011,Parsaoran Urat,121704
1217042012,Hutaginjang,121704
1217042014,Sigaol Marbun,121704
1217042018,Hutadame,121704
1217042019,Pallombuan,121704
1217042020,Pamutaran,121704
1217042021,Sideak,121704
1217052001,Sosor Dolok,121705
1217052002,Partungkonaginjang,121705
1217052003,Hariara Pohan,121705
1217052004,Dolok Raja,121705
1217052006,Sampur Toba,121705
1217052007,Siparmahan,121705
1217052008,Turpuk Limbong,121705
1217052009,Turpuk Sagala,121705
1217052010,Turpuk Malau,121705
1217052011,Turpuk Sihotang,121705
1217052012,Janji Martahan,121705
1217052014,Hutagalung,121705
1217052015,Hariara Pintu,121705
1217062001,Huta Ginjang,121706
1217062002,Singkam,121706
1217062003,Hasinggaan,121706
1217062004,Aek Sipitudai,121706
1217062005,Huta Gurgur,121706
1217062006,Sianjur Mula Mula,121706
1217062007,Boho,121706
1217062008,Siboro,121706
1217062009,Simarihit,121706
1217062010,Ginolat,121706
1217062011,Bonan Dolok,121706
1217062012,Habeahan Naburahan,121706
1217072001,Salaon Toba,121707
1217072002,Lintong Nihuta,121707
1217072003,Salaon Tonga Tonga,121707
1217072004,Salaon Dolok,121707
1217072005,Ronggur Nihuta,121707
1217072006,Sabungan Nihuta,121707
1217072007,Paraduan,121707
1217072008,Sijambur,121707
1217081026,Pasar Pangururan,121708
1217081027,Pintu Sona,121708
1217081028,Siogung-Ogung,121708
1217082001,Lumban SS Dolok,121708
1217082002,Lumban SS Torua,121708
1217082003,Parbaba Dolok,121708
1217082004,Huta Tinggi,121708
1217082005,Parhorasan,121708
1217082006,Pardomuan Nauli,121708
1217082007,Parsaoran I,121708
1217082008,Rianiate,121708
1217082009,Huta Bolon,121708
1217082010,Panampangan,121708
1217082011,Pardugul,121708
1217082012,Huta Namora,121708
1217082013,Parlondut,121708
1217082014,Tanjung Bunga,121708
1217082015,Parmonangan,121708
1217082016,Sait Nihuta,121708
1217082017,Situngkir,121708
1217082018,Sianting-Anting,121708
1217082019,Sialanguan,121708
1217082020,Lumban Pinggol,121708
1217082021,Pardomuan I,121708
1217082022,Sitolu Huta,121708
1217082023,Sinabulan,121708
1217082024,Aek Nauli,121708
1217082025,Siopat Sosor,121708
1217092001,Holbung,121709
1217092002,Janji Raja,121709
1217092003,Sabulan,121709
1217092004,Buntu Mauli,121709
1217092005,Tamba Dolok,121709
1217092006,Cinta Maju,121709
1217092007,Parsaoran,121709
1217092008,Janji Maria,121709
1218012001,Pantai Cermin Kanan,121801
1218012002,Pantai Cermin Kiri,121801
1218012003,Kota Pari,121801
1218012004,Celawan,121801
1218012005,Ujung Rambung,121801
1218012006,Kuala Lama,121801
1218012007,Besar II Terjun,121801
1218012008,Sementara,121801
1218012009,Ara Payung,121801
1218012010,Pematang Kasih,121801
1218012011,Lubuk Saban,121801
1218012012,Naga Kisar,121801
1218021038,Melati I,121802
1218021039,Simpang Tiga Pekan,121802
1218021040,Batang Terap,121802
1218021041,Tualang,121802
1218022001,Adolina,121802
1218022003,Bengkel,121802
1218022005,Cinta Air,121802
1218022006,Citaman Jernih,121802
1218022007,Deli Muda Hulu,121802
1218022008,Deli Muda Hilir,121802
1218022009,Jambur Pulau,121802
1218022012,Kesatuan,121802
1218022013,Kota Galuh,121802
1218022015,Lidah Tanah,121802
1218022016,Lubuk Bayas,121802
1218022017,Lubuk Cemara,121802
1218022018,Lubuk Dendang,121802
1218022019,Lubuk Rotan,121802
1218022020,Melati II,121802
1218022024,Pematang Sijonam,121802
1218022025,Pematang Tatal,121802
1218022028,Suka Beras,121802
1218022029,Sukajadi,121802
1218022031,Sei Buluh,121802
1218022032,Sei Nagalawan,121802
1218022033,Sei Sijenggi,121802
1218022034,Tanah Merah,121802
1218022035,Tanjung Buluh,121802
1218032001,Sei Buluh,121803
1218032002,Liberia,121803
1218032003,Mata Pao,121803
1218032004,Pematang Setrak,121803
1218032005,Makmur,121803
1218032006,Pasar Baru,121803
1218032007,Pekan Sialang Buah,121803
1218032008,Pematang Guntung,121803
1218032009,Sialang Buah,121803
1218032010,Sentang,121803
1218032011,Bogak Besar,121803
1218032012,Pematang Kuala,121803
1218042001,Cempedak Lobang,121804
1218042002,Firdaus,121804
1218042004,Pergulaan,121804
1218042006,Sei Rampah,121804
1218042008,Sei Rejo,121804
1218042009,Sei Parit,121804
1218042010,Silau Rakyat,121804
1218042012,Firdaus Estate,121804
1218042014,Pematang Ganjang,121804
1218042015,Pematang Pelintahan,121804
1218042016,Rambung Estate,121804
1218042017,Rambung Sialang Hulu,121804
1218042018,Rambung Sialang Tengah,121804
1218042019,Rambung Sialang Hilir,121804
1218042024,Simpang Empat,121804
1218042026,Sinah Kasih,121804
1218042027,Tanah Raja,121804
1218052001,Pekan Tanjung Beringin,121805
1218052002,Nagur,121805
1218052003,Mangga Dua,121805
1218052004,Sukajadi,121805
1218052005,Tebing Tinggi,121805
1218052006,Pematang Cermai,121805
1218052007,Pematang Terang,121805
1218052008,Bagan Kuala,121805
1218062001,Bandar Tengah,121806
1218062002,Juhar,121806
1218062003,Gelam Sei Serimah,121806
1218062004,Pekan  Bandar Khalipah,121806
1218062005,Kayu Besar,121806
1218072001,Nagaraja I,121807
1218072002,Panglong,121807
1218072003,Bandarawan,121807
1218072004,Gunung Para II,121807
1218072005,Limbong,121807
1218072006,Dolok Merawan,121807
1218072007,Paritokan,121807
1218072008,Kalembak,121807
1218072009,Afd. VI Dolok Ilir,121807
1218072010,Pabatu I,121807
1218072011,Afd. VII Dolok Ilir,121807
1218072012,Pabatu II,121807
1218072013,Mainu Tengah,121807
1218072014,Bahdamar,121807
1218072015,Pabatu III,121807
1218072016,Pabatu VI,121807
1218072017,Korajim,121807
1218082001,Sipispis,121808
1218082002,Serbananti,121808
1218082003,Bartong,121808
1218082004,Marubun,121808
1218082005,Pispis,121808
1218082006,Baja Dolok,121808
1218082007,Tinokkah,121808
1218082008,Nagur Pane,121808
1218082009,Parlambean,121808
1218082010,Naga Raja,121808
1218082011,Mariah Nagur,121808
1218082012,Rimbun,121808
1218082013,Marjanji,121808
1218082014,Silau Padang,121808
1218082015,Buluh Duri,121808
1218082016,Gunung Monako,121808
1218082017,Damak Urat,121808
1218082018,Simalas,121808
1218082019,Gunung Pane,121808
1218082020,Sibarau,121808
1218091029,Pekan Dolok Masihul,121809
1218092001,Dame,121809
1218092002,Blok 10,121809
1218092003,Kota Tengah,121809
1218092004,Silau Merawan,121809
1218092005,Pekan Kamis,121809
1218092006,Batu 12,121809
1218092007,Batu 13,121809
1218092008,Baja Ronggi,121809
1218092009,Dolok Sagala,121809
1218092010,Dolok Manampang,121809
1218092011,Pardomuan,121809
1218092012,Tegal Sari,121809
1218092013,Pertambatan,121809
1218092015,Huta Nauli,121809
1218092016,Bantan,121809
1218092017,Bukit Cermin Hilir,121809
1218092018,Malasori,121809
1218092019,Sarang Giting,121809
1218092020,Durian Puloan,121809
1218092021,Sarang Torop,121809
1218092022,Havea,121809
1218092023,Aras Panjang,121809
1218092024,Martebing,121809
1218092025,Kerapuh,121809
1218092026,Tanjung Maria,121809
1218092027,Bah Kerapuh,121809
1218092028,Ujung Silau,121809
1218102001,Kotarih Pekan,121810
1218102002,Kotarih Baru,121810
1218102003,Banjaran Godang,121810
1218102004,Si Ujan Ujan,121810
1218102010,Sei Kari,121810
1218102013,Bandar Bayu,121810
1218102014,Durian Kondot,121810
1218102015,Perbahingan,121810
1218102022,Sialtong,121810
1218102023,Huta Galuh,121810
1218102024,Rubun Dunia,121810
1218112004,Batu Masagi,121811
1218112013,Damak Gelugur,121811
1218112016,Kulasar,121811
1218112021,Pagar Manik,121811
1218112022,Pamah,121811
1218112026,Silinda,121811
1218112028,Sungai Buaya,121811
1218112029,Tarean,121811
1218112031,Tapak Meriah,121811
1218122010,Tanjung Harap,121812
1218122011,Kuala Bali,121812
1218122014,Karang Tengah,121812
1218122015,Kelapa Bajohom,121812
1218122018,Manggis,121812
1218122020,Pulau Gambar,121812
1218122021,Pulau Tagor,121812
1218122032,Serba Jadi,121812
1218122033,Tambak Cekur,121812
1218122038,Bah Sidua-dua,121812
1218132001,Bah Sumbu,121813
1218132002,Naga Kesiangan,121813
1218132003,Jambu,121813
1218132004,Mariah Padang,121813
1218132005,Pertapaan,121813
1218132006,Paya Lombang,121813
1218132007,Sei Serimah,121813
1218132008,Paya Bagas,121813
1218132009,Paya Mabar,121813
1218132010,Sei. Priok,121813
1218132011,Kuta Baru,121813
1218132018,Kedai Damar,121813
1218132019,Penonggol,121813
1218132020,Gunung Kataran,121813
1218141012,Melati Kebun,121814
1218142001,Bengabing,121814
1218142002,Bingkat,121814
1218142003,Jati Mulyo,121814
1218142004,Karang Anyar,121814
1218142005,Lestari Dadi,121814
1218142006,Pegajahan,121814
1218142007,Petuaran Hulu,121814
1218142008,Petuaran Hilir,121814
1218142009,Pondok Tengah,121814
1218142010,Sukasari,121814
1218142011,Tanjung Putus,121814
1218142013,Sennah,121814
1218152001,Pon,121815
1218152002,Sei Bamban,121815
1218152003,Bakaran Batu,121815
1218152004,Gempolan,121815
1218152005,Rampah Estate,121815
1218152006,Suka Damai,121815
1218152007,Sei Bamban Estate,121815
1218152008,Sei Belutu,121815
1218152009,Sei Buluh,121815
1218152010,Penggalangan,121815
1218162001,Penggalian,121816
1218162002,Laut Tador,121816
1218162003,Tanah Besih,121816
1218162004,Binjai,121816
1218162005,Paya Pasir,121816
1218162006,Bahilang,121816
1218162007,Penggalangan,121816
1218162008,Paya Pinang,121816
1218162009,Kuta Pinang,121816
1218162010,Sibulan,121816
1218172001,Gudang Garam,121817
1218172002,Dolok Masango,121817
1218172003,Panombean,121817
1218172004,Bandar Negeri,121817
1218172005,Ujung Negeri Kahan,121817
1218172006,Bandar Magodang,121817
1218172007,Ujung Negeri Hulu,121817
1218172008,Pegajahan Hulu,121817
1218172009,Marihat Dolok,121817
1218172010,Bintang Bayu,121817
1218172011,Bandar Pinang Kebun,121817
1218172012,Damak Tolong Buho,121817
1218172013,Bandar Pinang Rambe,121817
1218172014,Pegajahan Kahan,121817
1218172015,Huta Durian,121817
1218172016,Kampung Kristen,121817
1218172017,Sarang Ginting Kahan,121817
1218172018,Sarang Ginting Hulu,121817
1218172019,Siahap,121817
1219011001,Pangkalan Dodek,121901
1219011002,Pangkalan Dodek Baru,121901
1219011021,Pagurawan,121901
1219012003,Aek Nauli,121901
1219012004,Durian,121901
1219012005,Lalang,121901
1219012006,Medang,121901
1219012007,Pakam,121901
1219012008,Pakam Raya,121901
1219012009,Pematang Cengkering,121901
1219012010,Sei Buah Keras,121901
1219012011,Sei Rakyat,121901
1219012012,Sidomulyo,121901
1219012013,Tanjung Sigoni,121901
1219012014,Nenas Siam,121901
1219012015,Pakam Raya Selatan,121901
1219012016,Mandarsah,121901
1219012017,Medang Baru,121901
1219012018,Pematang Nibung,121901
1219012019,Cengkering Pekan,121901
1219012020,Sei Raja,121901
1219021001,Perkebunan Sipare pare,121902
1219022007,Sei Suka Deras,121902
1219022008,Simodong,121902
1219022009,Pematang Jering,121902
1219022010,Pematang Kuning,121902
1219022011,Kuala Indah,121902
1219022012,Kuala Tanjung,121902
1219022018,Tanjung Gading,121902
1219022019,Simpang Kopi,121902
1219022020,Brohol,121902
1219031001,Indrapura,121903
1219031019,Indrasakti,121903
1219032002,Limau Sundai,121903
1219032003,Pematang Panjang,121903
1219032004,Sukaraja,121903
1219032005,Tanah Tinggi,121903
1219032006,Tanjungmuda,121903
1219032007,Tanah Merah,121903
1219032008,Aras,121903
1219032009,Pasar Lapan,121903
1219032010,Sipare-pare,121903
1219032011,Tanjungkubah,121903
1219032012,Tanjungharapan,121903
1219032013,Suka Ramai,121903
1219032014,Tanah Rendah,121903
1219032015,Tanjungmulya,121903
1219032016,Titi Payung,121903
1219032017,Perkotaan,121903
1219032018,Kampung Kelapa,121903
1219041001,Lima Puluh Kota,121904
1219042011,Mangkai Baru,121904
1219042012,Mangkai Lama,121904
1219042014,Perkebunan Dolok,121904
1219042015,Perkebunan Kwala Gunung,121904
1219042016,Antara,121904
1219042017,Perkebunan Lima Puluh,121904
1219042018,Perkebunan Limau Manis,121904
1219042019,Perkebunan Tanah Gambus,121904
1219042025,Simpang Gambus,121904
1219042026,Sumber Makmur,121904
1219042027,Sumber Padi,121904
1219051001,Labuhan Ruku,121905
1219052004,Dahari Selebar,121905
1219052006,Mesjid Lama,121905
1219052007,Padang Genting,121905
1219052008,Pahang,121905
1219052009,Panjang,121905
1219052014,Gunung Rante,121905
1219052015,Dahari Indah,121905
1219052016,Indra Yaman,121905
1219052017,Benteng,121905
1219061001,Tanjung Tiram,121906
1219061022,Bagan Arya,121906
1219062002,Guntung,121906
1219062004,Bagan Dalam,121906
1219062005,Bogak,121906
1219062006,Suka Maju,121906
1219062016,Suka Jaya,121906
1219062017,Pahlawan,121906
1219062018,Bandar Rahmat,121906
1219062019,Kampung Lalang,121906
1219072001,Kwala Sikasim,121907
1219072002,Sei Balai,121907
1219072004,Durian,121907
1219072005,Perkebunan Sei Balai,121907
1219072007,Suka Ramai,121907
1219072008,Sei Bejangkar,121907
1219072009,Mekar Mulio,121907
1219072010,Perkebunan Sei,121907
1219072012,Benteng Jaya,121907
1219072013,Tanah Timbul,121907
1219072014,Perjuangan,121907
1219072015,Sidomulio,121907
1219072016,Mekar Baru,121907
1219072017,Suko Rejo,121907
1219082001,Tanjung Prapat,121908
1219082002,Laut Tador,121908
1219082003,Pelanggiran Laut Tador,121908
1219082004,Perkebunan Tanjung Kasau,121908
1219082005,Dewi Sri,121908
1219082006,Tanjung Kasau,121908
1219082007,Tanjung Seri,121908
1219082008,Mekar Sari,121908
1219082009,Sei Simujur,121908
1219082010,Kandangan,121908
1219092001,Gambus Laut,121909
1219092002,Perupuk,121909
1219092003,Guntung,121909
1219092004,Barung-Barung,121909
1219092005,Titi Putih,121909
1219092006,Pasir Permit,121909
1219092007,Titi Merah,121909
1219092008,Pematang Panjang,121909
1219092009,Bulan-Bulan,121909
1219092010,Gunung Bandung,121909
1219092011,Lubuk Cuik,121909
1219092012,Tanah Itam Ilir,121909
1219092013,Pematang Tengah,121909
1219102001,Perkebunan Tanah Itam Ulu,121910
1219102002,Empat Negeri,121910
1219102003,Sumber Rejo,121910
1219102004,Lubuk Hulu,121910
1219102005,Lubuk Besar,121910
1219102006,Pulau Sejuk,121910
1219102007,Simpang Dolok,121910
1219102008,Air Hitam,121910
1219102009,Kwala Gunung,121910
1219102010,Cahaya Pardomuan,121910
1219112001,Sumber Tani,121911
1219112002,Sei Muka,121911
1219112003,Perkebunan Tanah Datar,121911
1219112004,Binjai Baru,121911
1219112005,Bangun Sari,121911
1219112006,Karang Baru,121911
1219112007,Perkebunan Petatal,121911
1219112008,Mekar Baru,121911
1219112009,Petatal,121911
1219112010,Glugur Makmur,121911
1219122001,Sentang,121912
1219122002,Tanjung Mulia,121912
1219122003,Jati Mulia,121912
1219122004,Lima Laras,121912
1219122005,Mekar Laras,121912
1219122006,Bandar Sono,121912
1219122007,Ujung Kubu,121912
1219122008,Sei Mentaram,121912
1219122009,Pematang Rambai,121912
1219122010,Tali Air Permai,121912
1219122011,Bagan Baru,121912
1219122012,Kapal Merah,121912
1220012001,Janji Manahan GNT,122001
1220012002,Pasang Lela,122001
1220012003,Aek Jabut,122001
1220012004,Nabundong,122001
1220012005,Gunung Sormin,122001
1220012006,Sihalo Halo,122001
1220012007,Kuala Simpang,122001
1220012008,Simundol,122001
1220012009,Nahula Julu,122001
1220012010,Simaninggir Simundol,122001
1220012011,Simangambat,122001
1220012012,Saba Bangun,122001
1220012013,Malino,122001
1220012014,Gonting Bange,122001
1220012015,Hutaimbaru Simundol,122001
1220012016,Padang Matinggi Simundol,122001
1220012017,Sunut,122001
1220012018,Batu Hibul,122001
1220012019,Sigordang,122001
1220012020,Pamarai,122001
1220012021,Padang Matinggi GNT,122001
1220012022,Gadung Holbung,122001
1220012023,Salusuhan,122001
1220012024,Panyabungan,122001
1220012025,Sayur Matinggi,122001
1220012026,Hasahatan,122001
1220012027,Pinarik,122001
1220012028,Unte Manis,122001
1220012029,Sipogas,122001
1220012030,Sipogas A,122001
1220012031,Padang Malakka,122001
1220012032,Aek Simanap,122001
1220012033,Pulo Liman,122001
1220012034,Aek Kundur,122001
1220012035,Hatiran,122001
1220012036,Karang Anyar,122001
1220012037,Aek Kanan,122001
1220012038,Nahula Jae,122001
1220012039,Simadihon,122001
1220012040,Pasar Sayur Matinggi,122001
1220012041,Tj. Baru Silaiya,122001
1220012042,Sitonun,122001
1220012043,Pasar Simundol,122001
1220012044,Pamonoran,122001
1220022001,Siguga,122002
1220022002,Singanyal,122002
1220022003,Binanga Panasahan,122002
1220022004,Aek Haruaya,122002
1220022005,Tanjung Baru B,122002
1220022006,Pasar Sipiongot,122002
1220022007,Bintais Julu,122002
1220022008,Bunut,122002
1220022009,Paya Ombik,122002
1220022010,Aek Suhat Jae,122002
1220022011,Huta Baru Sil,122002
1220022012,Sijorang,122002
1220022013,Simaninggir Sip,122002
1220022014,Pangaran Julu I,122002
1220022015,Mompang Lombang,122002
1220022016,Janji Manahan Sil,122002
1220022017,Baringin Sip,122002
1220022018,Gunung Maria,122002
1220022019,Mompang Dolok,122002
1220022020,Aek Rao TN,122002
1220022021,Sijantung Julu,122002
1220022022,Batu Runding,122002
1220022023,Lubuk Godang,122002
1220022024,Bahap,122002
1220022025,Aek Ilung,122002
1220022026,Tarutung Bolak,122002
1220022027,Sungai Pining,122002
1220022028,Siloung,122002
1220022029,Hutaimbaru Gul,122002
1220022030,Sipiongot,122002
1220022031,Gumbot,122002
1220022032,Gunung Selamat,122002
1220022033,Silogo Logo,122002
1220022034,Lubuk Kundur,122002
1220022035,Jambur Batu,122002
1220022036,Simatorkis,122002
1220022037,Rancaran,122002
1220022038,Naga Saribu,122002
1220022039,Simataniari Jae,122002
1220022040,Janji Manahan Gul,122002
1220022041,Simataniari,122002
1220022042,Parmeraan,122002
1220022043,Panca,122002
1220022044,Dalihan Natolu,122002
1220022045,Sungai Datar,122002
1220022046,Lubuk Lanjang,122002
1220022047,Arse,122002
1220022048,Simangambat Tua,122002
1220022049,Sigala Gala,122002
1220022050,Sibayo Jae,122002
1220022051,Dolok Sanggul,122002
1220022052,Silangge,122002
1220022053,Pijor Koling,122002
1220022054,Pagaran Julu II,122002
1220022055,Siala Gundi,122002
1220022056,Siraga HP,122002
1220022057,Aek Sundur,122002
1220022058,Baringin Sil,122002
1220022059,Hula Baringin,122002
1220022060,Nabonggal,122002
1220022061,Purba Tua,122002
1220022062,Tanjung Longat,122002
1220022063,Sibio Bio,122002
1220022064,Situmbaga,122002
1220022065,Sijara Jara,122002
1220022066,Huta Baru Sip,122002
1220022067,Pagaran Siregar,122002
1220022068,Parigi,122002
1220022069,Napasundali,122002
1220022070,Aek Suhat TR,122002
1220022071,Gumaruntar,122002
1220022072,Sijantung Jae,122002
1220022073,Janji Matogu,122002
1220022074,Sialang Dolok,122002
1220022075,Binanga Gumbot,122002
1220022076,Simanosor,122002
1220022077,Bukit Tinggi,122002
1220022078,Simambal,122002
1220022079,Bandar Nauli,122002
1220022080,Sibayo,122002
1220022081,Sinabongan,122002
1220022082,Siranap,122002
1220022083,Aek Tangga,122002
1220022084,Rongkare,122002
1220022085,Siburbur,122002
1220022086,Pintu Padang Merdeka,122002
1220032001,Hutaimbaru,122003
1220032002,Hambulo,122003
1220032003,Paolan,122003
1220032004,Pangirkiran,122003
1220032005,Balimbing,122003
1220032006,Rondaman Siburegar,122003
1220032007,Sipaho,122003
1220032008,Silantoyung,122003
1220032009,Hiteurat,122003
1220032010,Siboru Angin,122003
1220032011,Sandean Jae,122003
1220032012,Sandean Tonga,122003
1220032013,Sandean Julu,122003
1220032014,Hasahatan,122003
1220032015,Pagar Gunung,122003
1220032016,Pangarambangan,122003
1220032017,Napa Lancat,122003
1220032018,Halongonan,122003
1220032019,Bargot Topong Julu,122003
1220032020,Bargot Topong Jae,122003
1220032021,Siringki Jae,122003
1220032022,Ujung Padang,122003
1220032023,Sigala Gala,122003
1220032032,Hutanopan,122003
1220032036,Sipenggeng,122003
1220032037,Saba,122003
1220032038,Sitabola,122003
1220032039,Sitonun,122003
1220032040,Tapus Jae,122003
1220032041,Japinulik,122003
1220032042,Paran Honas,122003
1220032043,Siringki Julu,122003
1220032044,Batu Tunggal,122003
1220041001,Pasar Gunung Tua,122004
1220042008,Lubuk Torop,122004
1220042012,Tanjung Marulak,122004
1220042013,Ambasang Natigor,122004
1220042014,Napagadung Laut,122004
1220042015,Rampa Jae,122004
1220042016,Rampa Julu,122004
1220042017,Mananti,122004
1220042018,Paran Padang,122004
1220042019,Rahuning Jae,122004
1220042020,Botung,122004
1220042021,Sigimbal,122004
1220042022,Dolok Sae,122004
1220042023,Simasi,122004
1220042024,Sihapas Hapas,122004
1220042025,Sungai Tolang,122004
1220042026,Losung Batu,122004
1220042027,Batu Mamak,122004
1220042028,Sampuran,122004
1220042029,Gunung Tua Baru,122004
1220042030,Sibatang Kayu,122004
1220042031,Aek Suhat,122004
1220042038,Gunung Tua Tonga,122004
1220042039,Gunung Tua Jae,122004
1220042040,Gunung Tua Julu,122004
1220042041,Hutalombang,122004
1220042042,Batang Baruhar Julu,122004
1220042043,Batang Baruhar  Jae,122004
1220042044,Purba Sinomba,122004
1220042045,Hambiri,122004
1220042046,Sosopan,122004
1220042047,Pagaran Singkam,122004
1220042048,Pagaran Tonga,122004
1220042049,Sibagasi,122004
1220042050,Batu Tambun,122004
1220042051,Tanjung Tiram,122004
1220042052,Garoga,122004
1220042053,Hajoran,122004
1220042054,Batu Sundung,122004
1220042055,Garonggang,122004
1220042056,Nabonggal,122004
1220042057,Liang  Hasona,122004
1220042058,Simandiangin Dolok,122004
1220042059,Simandiangin Lombang,122004
1220042060,Padang Garugur,122004
1220042061,Simanosor,122004
1220042062,Sigama,122004
1220042063,Sigama Ujung Gading,122004
1220042064,Parlimbatan,122004
1220042065,Saba Sitahul tahul,122004
1220042066,Saba Bangunan,122004
1220042067,Sidingkat,122004
1220042069,Gunung Manaon II,122004
1220042070,Purba Tua,122004
1220042071,Sungai Durian,122004
1220042072,Sungai Orosan,122004
1220042073,Hutaimbaru II,122004
1220042074,Siombob,122004
1220042075,Aek Gambir,122004
1220042076,Bukit Raya  Sordang,122004
1220042077,Aek Jangkang,122004
1220042078,Simbolon,122004
1220052001,Pancur Pangko,122005
1220052002,Hasambi,122005
1220052003,Paran Nangka,122005
1220052004,Batu Rancang,122005
1220052005,Sitanggoru,122005
1220052006,Siunggam Dolok,122005
1220052007,Balimbing Jae,122005
1220052008,Sipupus Lombang,122005
1220052009,Balimbing Julu,122005
1220052010,Sobar,122005
1220052011,Pamuntaran,122005
1220052012,Paran Gadung,122005
1220052013,Padang Bujur,122005
1220052014,Ubar,122005
1220052015,Lantosan II,122005
1220052016,Batu Gana,122005
1220052017,Padang Baruas,122005
1220052018,Aek Bargot,122005
1220052019,Gariang,122005
1220052020,Balakka,122005
1220052021,Parupuk Jae,122005
1220052022,Parupuk Julu,122005
1220052023,Sialang,122005
1220062002,Sitopayan,122006
1220062003,Lantosan I,122006
1220062004,Aek Haruaya,122006
1220062005,Gunung Baringin,122006
1220062006,Hadungdung,122006
1220062007,Rondaman Dolok,122006
1220062008,Sipirok,122006
1220062009,Tanjung Salamat,122006
1220062010,Rondaman Lombang,122006
1220062011,Parsarmaan,122006
1220062012,Aloban,122006
1220062013,Portibi Julu,122006
1220062014,Portibi Jae,122006
1220062015,Gunung Manaon I,122006
1220062016,Pasir Pinang,122006
1220062017,Bahal,122006
1220062018,Bara,122006
1220062019,Simandiangin,122006
1220062020,Hotang Sasa,122006
1220062021,Aek Siala,122006
1220062022,Gumarupu Baru,122006
1220062023,Padang Manjoir,122006
1220062024,Gumarupu Lama,122006
1220062025,Gunung Martua,122006
1220062026,Sihambeng,122006
1220062027,Aek Torop,122006
1220062028,Napa Lombang,122006
1220062029,Mangaledang Lama,122006
1220062030,Mangaledang,122006
1220062031,Bangkudu,122006
1220062032,Balakka Torop,122006
1220062033,Janji Matogu,122006
1220062034,Muara Sigama,122006
1220062035,Napahalas,122006
1220062036,Sigama Napahalas,122006
1220062039,Torluk Muara Dolok,122006
1220071001,Sayur Matinggi,122007
1220072002,Pangkal Dolok Lama,122007
1220072003,Pangkal Dolok Julu,122007
1220072004,Pintu Padang,122007
1220072005,Batang Onang Lama,122007
1220072006,Bonan Dolok,122007
1220072007,Simardona,122007
1220072008,Batang Onang Baru,122007
1220072009,Parau Sorat,122007
1220072010,Pasar Matanggor,122007
1220072011,Batu Pulut,122007
1220072012,Huta Lambung,122007
1220072013,Galanggang,122007
1220072014,Gunungtua Tumbu Jati,122007
1220072015,Gunungtua Batang Onang,122007
1220072016,Simanapang,122007
1220072017,Simaninggir,122007
1220072018,Batu Mamak,122007
1220072019,Padang Garugur,122007
1220072020,Padang Matinggi,122007
1220072021,Purba Tua,122007
1220072022,Janji Mauli,122007
1220072023,Sayur Matinggi Julu,122007
1220072024,Gunung Tua Julu,122007
1220072025,Pasir Ampolu Hopong,122007
1220072026,Pagaran Batu,122007
1220072027,Tamosu,122007
1220072028,Simangambat Dolok,122007
1220072029,Janji Manahan,122007
1220072030,Padang Bujur Baru,122007
1220072031,Batu Nanggar,122007
1220072032,Morang,122007
1220082014,Ulak Tano,122008
1220082015,Aekraru,122008
1220082016,Tanjung Maria,122008
1220082017,Mandasip,122008
1220082018,Huta Baru,122008
1220082019,Janji Matogu,122008
1220082020,Paran Padang,122008
1220082021,Tanjung Botung,122008
1220082022,Huta Pasir,122008
1220082023,Langkimat,122008
1220082024,Jabi Jabi,122008
1220082025,Simangambat Jae,122008
1220082026,Ujung Gading Jae,122008
1220082027,Huta Baringin,122008
1220082028,Gunung Manaon Sim,122008
1220082029,Sionggoton,122008
1220082030,Paran Tonga Sim,122008
1220082031,Ujung Gading Julu,122008
1220082032,Simangambat Julu,122008
1220082033,Sigagan,122008
1220082034,Kosik Putih,122008
1220092001,Aek Godang,122009
1220092002,Aek Nauli,122009
1220092003,Sampuran Simarloting,122009
1220092004,Pangirkiran,122009
1220092005,Simaninggir,122009
1220092006,Suka Dame,122009
1220092007,Pintu Bosi,122009
1220092008,Sidong-dong,122009
1220092009,Sitabar,122009
1220092010,Parmeraan,122009
1220102001,Siunggam Julu,122010
1220102002,Siunggam Tonga,122010
1220102003,Siunggam Jae,122010
1220102004,Aek Bayur,122010
1220102005,Aek Tolong,122010
1220102006,Tangga-Tangga Hambeng,122010
1220102007,Simaninggir,122010
1220102008,Bangun Purba,122010
1220102009,Naga Saribu,122010
1220102010,Sihoda-Hoda,122010
1220102011,Mompang II,122010
1220102012,Gulangan,122010
1220102013,Pijor Koling,122010
1220102014,Purba Tua Dolok,122010
1220112001,Siancimun,122011
1220112002,Bolatan,122011
1220112003,Pasir Bara,122011
1220112004,Gunung Intan,122011
1220112005,Mompang I,122011
1220112006,Gunung Manaon III,122011
1220112007,Sihopuk Baru,122011
1220112008,Sihopuk Lama,122011
1220112009,Rondaman,122011
1220112010,Hutabaru Nangka,122011
1220112011,Situmbaga,122011
1220112012,Batang Pane I,122011
1220112013,Batang Pane II,122011
1220112014,Batang Pane III,122011
1220122001,Huta Raja,122012
1220122002,Ujung Batu Julu,122012
1220122003,Gunung Manaon UB,122012
1220122004,Labuhan Jurung,122012
1220122005,Martujuan,122012
1220122006,Paya Bahung UB,122012
1220122007,Tobing Tinggi UB,122012
1220122008,Ujung Batu Jae,122012
1220122009,Marlaung,122012
1220122010,Mananti,122012
1220122011,Jambu Tonang,122012
1220122012,Manare Tua,122012
1220122013,Pasir Lancat UB,122012
1221012001,Pagaranbira Jae,122101
1221012002,Pagaran Bira Julu,122101
1221012003,Huta Bargot,122101
1221012004,Siundol Jae,122101
1221012005,Siundol Julu,122101
1221012006,Siundol Dolok,122101
1221012007,Hutabaru Siundol,122101
1221012008,Binanga Tolu,122101
1221012009,Aek Bargot,122101
1221012010,Ulu Aer,122101
1221012011,Hulim,122101
1221012012,Sianggunan,122101
1221012013,Simaninggir Sosopan,122101
1221012014,Sibualbuali,122101
1221012015,Sosopan,122101
1221012016,Sigala-Gala,122101
1221012017,Sihaporas,122101
1221012018,Banua Tonga,122101
1221012019,Sosopan Julu,122101
1221012020,Huta Bara,122101
1221012021,Hutabaru Sosopan,122101
1221012022,Simartolu,122101
1221022001,Gunung Baringin,122102
1221022002,Pasar Binanga,122102
1221022003,Sihaborgoan Dalan,122102
1221022004,Aek Tanduk,122102
1221022005,PP. Makmur,122102
1221022006,Siboris Bahal,122102
1221022007,Bangkudu,122102
1221022008,Siolip,122102
1221022009,Aek Tunjang,122102
1221022010,Binanga,122102
1221022011,Manombo,122102
1221022012,Janji Raja,122102
1221022013,Pangirkiran Dolok,122102
1221022014,Sihaborgoan Barumun,122102
1221022015,Siboris Dolok,122102
1221022016,Padang Matinggi,122102
1221022017,Tandihat,122102
1221022018,Bara Batu,122102
1221022019,Bahal Batu,122102
1221022020,Ginduang Batu,122102
1221022021,Padang Garugur,122102
1221022022,Gunung Manaon,122102
1221022023,Siboris Lombang,122102
1221022024,Janji Matogu,122102
1221022025,Gunung Malintang,122102
1221022026,Sibatu Loting,122102
1221022028,Janji Manahan,122102
1221022029,Siparau,122102
1221022030,Unterudang,122102
1221032001,Binanga Tolu,122103
1221032002,Tanjung Baringin,122103
1221032003,Huristak,122103
1221032004,Paran Tonga,122103
1221032005,Gonting Julu,122103
1221032006,Bulu Cina,122103
1221032007,Sigading,122103
1221032008,Pasir Lancat Lama,122103
1221032009,Siala Gundi,122103
1221032010,Tobing Julu,122103
1221032011,Tar Sihoda-Hoda,122103
1221032012,Huta Pasir Ulak Tano,122103
1221032013,Tobing Jae,122103
1221032014,Pasar Huristak,122103
1221032015,Sipirok Baru,122103
1221032016,Pasir Lancat Baru,122103
1221032017,Tobing Tinggi,122103
1221032018,Ganal,122103
1221032019,Paya Bujing,122103
1221032020,Pulo Bariang,122103
1221032021,Ramba,122103
1221032022,Gonting Jae,122103
1221032023,Gala Bonang,122103
1221032024,Tanjung Morang,122103
1221032025,Gunung Manaon,122103
1221032026,Gunung Matinggi,122103
1221032027,Pasir Pinang,122103
1221042001,Janji Matogu,122104
1221042002,Pagaran Silindung,122104
1221042003,Tangga Bosi,122104
1221042004,Hutaibus,122104
1221042005,Pagaran Jalu-Jalu,122104
1221042006,Hutanopan,122104
1221042007,Pasar Latong,122104
1221042008,Pagaran Jae Batu,122104
1221042009,Aek Lancat,122104
1221042010,Batang Tanggal Baru,122104
1221042011,Bonal,122104
1221042012,Pagaran Malaka,122104
1221042013,Huta Dolok,122104
1221042014,Gunung Manobot,122104
1221042015,Batang Bulu Jae,122104
1221042016,Suro Dingin,122104
1221042017,Janji Lobi Lima,122104
1221042018,Sangkilon,122104
1221042019,Siali-Ali,122104
1221042020,Huta Lombang,122104
1221042021,Pagaran Mompang,122104
1221042022,Parsombaan,122104
1221042023,Sihiuk,122104
1221042024,Batang Bulu Tanggal,122104
1221052004,Lubuk Bunut,122105
1221052005,Ujung Padang,122105
1221052006,Tanjung Baringin,122105
1221052007,Sibodak Sosa Jae,122105
1221052008,Parmainan,122105
1221052009,Pagaran Dolok Sosa Jae,122105
1221052010,Aliaga,122105
1221052011,Mananti Sosa Jae,122105
1221052012,Panyabungan,122105
1221052013,Pasar Panyabungan,122105
1221052014,Sigalapung,122105
1221052015,Siabu,122105
1221052016,Paya Ombur,122105
1221052017,Hutaraja Tinggi,122105
1221052018,Sungai Korang,122105
1221052019,Ujung Batu I,122105
1221052020,Ujung Batu II,122105
1221052021,Ujung Batu III,122105
1221052022,Ujung Batu IV,122105
1221052023,Ujung Batu V,122105
1221052026,Pir Trans Sosa III A,122105
1221052027,Pir Trans Sosa III B,122105
1221052028,Pir Trans Sosa II,122105
1221052029,Pir Trans Sosa IV,122105
1221052030,Pir Trans Sosa V,122105
1221052031,Pir Trans Sosa VI,122105
1221062001,Simanuldang Jae,122106
1221062002,Simanuldang Julu,122106
1221062003,Tapian Nauli,122106
1221062004,Handang Kopo,122106
1221062005,Subulussalam,122106
1221062006,Pintu Padang,122106
1221062007,Matondang,122106
1221062008,Pasar Ipuh,122106
1221062009,Paringgonan,122106
1221062010,Paringgonan Julu,122106
1221062011,Paran Batu,122106
1221062012,Sibual Buali,122106
1221062013,Tanjung,122106
1221062014,Siraisan,122106
1221062015,Aek Haruaya,122106
1221071001,Pasar Sibuhuan,122107
1221072002,Sibuhuan Julu,122107
1221072003,Bangun Raya,122107
1221072004,Purba Tua,122107
1221072005,Handis Julu,122107
1221072006,Sialambue,122107
1221072007,Sibuhuan Jae,122107
1221072008,Janjilobi,122107
1221072021,Tanjung Durian,122107
1221072022,Tanjung Botung,122107
1221072023,Tanobato,122107
1221072024,Hutarimbaru,122107
1221072025,Sayur Matua,122107
1221072037,Bulusonik,122107
1221072038,Arsesimatorkis,122107
1221072039,Pancaukan,122107
1221072040,Pagaran Baringin,122107
1221082006,Pasar Ujung Batu,122108
1221082008,Plasma Mondang,122108
1221082011,Hutaimbaru,122108
1221082012,Mondang,122108
1221082013,Sisoma,122108
1221082014,Aek Tinga,122108
1221082015,Gunung Baringin,122108
1221082016,Simarancar,122108
1221082017,Huta Raja Lamo,122108
1221082018,Tanjung Botung Sosa Jae,122108
1221082019,Ujung Batu,122108
1221082020,Janjiraja,122108
1221082021,Rao-Rao Dolok,122108
1221082022,Parau Sorat,122108
1221082023,Aer Bale,122108
1221082024,Tanjung Bale,122108
1221092001,Tanjung Baru,122109
1221092002,Tamiang,122109
1221092003,Tanjung Barani,122109
1221092004,Manggis,122109
1221092005,Pagaran Tayas,122109
1221092006,Hatongga,122109
1221092007,Botung,122109
1221092008,Siadam,122109
1221092009,Siojo,122109
1221092010,Pagaran Manggis,122109
1221092011,Muara Malinto Lama,122109
1221092012,Hutabaru,122109
1221092013,Huta Nopan,122109
1221092014,Tandolan,122109
1221092015,Tangga Batu,122109
1221092016,Pagaran Dolok Pinarik,122109
1221092017,Muara Malinto Baru,122109
1221092018,Aek Sorik,122109
1221092019,Tanjung Botung Pinarik,122109
1221092020,Pinarik,122109
1221102001,Batang Bulu Lama,122110
1221102002,Pagur Satio,122110
1221102003,Batang Bulu Baru,122110
1221102004,Gunung Intan,122110
1221102005,Tanjung Purba Tua,122110
1221102006,Banua Tonga,122110
1221102007,Gunung Barani,122110
1221102008,Tanjung Baringin Simarulak,122110
1221102009,Sayur Mahincat,122110
1221102010,Sidomulio,122110
1221102011,Panarian,122110
1221112001,Aek Nabara Tonga,122111
1221112002,Aek Nabara Jae,122111
1221112003,Padang Garugur Jae,122111
1221112004,Huta Bargot,122111
1221112005,Janji Maria,122111
1221112006,Padang Garugur Julu,122111
1221112007,Sidokan,122111
1221112008,Tobing,122111
1221112009,Hadungdung Aek Rampah,122111
1221112010,Tobing Tinggi,122111
1221112011,Sipagabu,122111
1221112012,Tanjung,122111
1221112013,Paran Tonga,122111
1221112014,Paran Julu,122111
1221112015,Hadungdung Pintu Padang,122111
1221112016,Tanjung Rokan,122111
1221112017,Aek Bonban,122111
1221112018,Marenu,122111
1221112019,Aek Nabara Julu,122111
1221112020,Padang Garugur Tonga,122111
1221112021,Bangkuang,122111
1221112022,Paya bahung,122111
1221112023,Aek Buaton,122111
1221112024,Sayur Matua,122111
1221112025,Sayur Mahincat,122111
1221122001,Lubuk Gonting,122112
1221122002,Padang Hasior Dolok,122112
1221122003,Padang Hasior Lombang,122112
1221122004,Sitada-Tada,122112
1221122005,Paran Dolok,122112
1221122006,Ujung Gading,122112
1221122007,Simaninggir,122112
1221122008,"Tanjung Morang, Sesuai Perda",122112
1221122009,Silenjeng,122112
1221122010,Aek Goti,122112
1221122011,Gulangan,122112
1221122012,Ujung Padang,122112
1221122013,Balangka,122112
1221132001,Hasahatan Julu,122113
1221132002,Hasahatan Jae,122113
1221132003,Sabahotang,122113
1221132004,Sigorbus Julu,122113
1221132005,Sigorbus Jae,122113
1221132006,Mompang,122113
1221132007,Sitarolo Julu,122113
1221132008,Siolip,122113
1221132009,Saba Rimba,122113
1221132010,Limbong,122113
1221132011,Simaninggir,122113
1221132012,Binabo Julu,122113
1221132013,Binabo Jae,122113
1221142001,Hapung,122114
1221142002,Batu Gajah,122114
1221142003,Hapung Torop,122114
1221142004,Harang Jae,122114
1221142005,Harang Julu,122114
1221142006,Handio,122114
1221142007,Gunung Tua,122114
1221142008,Mandian,122114
1221142009,Parapat,122114
1221142010,Horuon,122114
1221142011,Bonan Dolok,122114
1221152001,Pasir Julu,122115
1221152002,Lumban Huayan,122115
1221152003,Siborna Bunut,122115
1221152004,Mananti Sosa Julu,122115
1221152005,Ampolu,122115
1221152006,Siginduang,122115
1221152007,Ramba,122115
1221152008,Roburan,122115
1221152009,Tanjung,122115
1221152010,Hurung Jilok,122115
1221152011,Pasir Jae,122115
1221152012,Sungai Jior,122115
1221162001,Gading,122116
1221162002,Huta Ruhom,122116
1221162003,Aek Siala,122116
1221162004,Bire,122116
1221162005,Sibontar,122116
1221162006,Para Napa Jae,122116
1221162007,Para Napa Dolok,122116
1221162008,Batusundung,122116
1221162009,Sidongdong,122116
1221162010,Sisalean,122116
1221172001,Tanjung Ale,122117
1221172002,Sigala-Gala,122117
1221172003,Simangambat,122117
1221172004,Pir Trans Sosa I B,122117
1221172005,Pir Trans Sosa I A,122117
1221172006,Gunung Manaon,122117
1221172007,Muara Tige,122117
1221172008,Sibodak Papaso,122117
1221172009,Gunung Inten,122117
1221172010,Pagaran Baringin,122117
1221172011,Salambue,122117
1221172012,Papaso,122117
1221172013,Rombayan,122117
1222011001,Kotapinang,122201
1222012002,Simatahari,122201
1222012003,Mampang,122201
1222012004,Pasir Tuntung,122201
1222012005,Sisumut,122201
1222012006,Hadundung,122201
1222012007,Sosopan,122201
1222012008,Perkebunan Nomark,122201
1222012009,Perkebunan Nagodang,122201
1222012010,Perk. Sei Rumbia,122201
1222022001,Perk. Perlabian,122202
1222022002,Perk. Teluk Panji,122202
1222022003,Perk. Tolan I/II,122202
1222022004,Perk. Batang Saponggol,122202
1222022005,Perk. Tolan,122202
1222022006,Air Merah,122202
1222022007,Teluk Panji,122202
1222022008,Tanjung Medan,122202
1222022009,Kampung Perlabian,122202
1222022010,Tanjung Selamat,122202
1222022011,Tanjung Mulia,122202
1222022012,Teluk Panji I,122202
1222022013,Teluk Panji II,122202
1222022014,Teluk Panji III,122202
1222022015,Teluk Panji IV,122202
1222032001,Bangai,122203
1222032002,Rasau,122203
1222032003,Teluk Rampah,122203
1222032004,Pangarungan,122203
1222032005,Bunut,122203
1222032006,Aek Batu,122203
1222032007,Pinang Damai,122203
1222032008,Aek Raso,122203
1222032009,Torgamba,122203
1222032010,Asam Jawa,122203
1222032011,Torganda,122203
1222032012,Beringin Jaya,122203
1222032013,Bukit Tujuh,122203
1222032014,Sei Meranti,122203
1222041001,Langga Payung,122204
1222042002,Batang Nadenggan,122204
1222042003,Sabungan,122204
1222042004,Hajoran,122204
1222042005,Ujung Gading,122204
1222042006,Huta Godang,122204
1222042007,Parimburan,122204
1222042008,Sampean,122204
1222042009,Marsonja,122204
1222052001,Mandalasena,122205
1222052002,Binangadua,122205
1222052003,Aek Goti,122205
1222052004,Ulu Mahuam,122205
1222052005,Rintis,122205
1222052006,Sukadame,122205
1223011001,Aek Kanopan,122301
1223011002,Aek Kanopan Timur,122301
1223012003,Kuala Beringin,122301
1223012004,Parpaudangan,122301
1223012005,Pulo Dogom,122301
1223012006,Londut,122301
1223012007,Perkebunan Kanopan Ulu,122301
1223012008,Perkebunan Membang Muda,122301
1223012009,Perkebunan Labuhan Haji,122301
1223012010,Perkebunan Hanna,122301
1223012011,Sonomartani,122301
1223012012,Sukarame,122301
1223012013,Sukarame Baru,122301
1223021001,Tanjung Leidong,122302
1223022002,Teluk Pulai Dalam,122302
1223022003,Teluk Pulai Luar,122302
1223022004,Kelapa Sebatang,122302
1223022005,Simandulang,122302
1223022006,Air Hitam,122302
1223022007,Pangkalan Lunang,122302
1223031001,Kampung Mesjid,122303
1223032002,Kuala Bangka,122303
1223032003,Sei Sentang,122303
1223032004,Teluk Piai,122303
1223032005,Tanjung Mangedar,122303
1223032006,Teluk Binjai,122303
1223032007,Sei Apung,122303
1223042001,Aek Korsik,122304
1223042002,Bandar Selamat,122304
1223042003,Perk. Padang Halaban,122304
1223042004,Perkebunan Panigoran,122304
1223042005,Sidomulyo,122304
1223042006,Karang Anyar,122304
1223042007,Padang Maninjau,122304
1223042008,Purworejo,122304
1223051001,Marbau,122305
1223052002,Perkebunan Pernantian,122305
1223052003,Perk. Marbau Selatan,122305
1223052004,Perkebunan Milano,122305
1223052005,Perkebunan Brussel,122305
1223052006,Pulo Bargot,122305
1223052007,Sipare Pare Tengah,122305
1223052008,Sipare Pare Hilir,122305
1223052009,Tubiran,122305
1223052010,Belongkut,122305
1223052011,Simpang Empat,122305
1223052012,Babussalam,122305
1223052013,Marbau Selatan,122305
1223052014,Aek Tapa,122305
1223052015,Lobu Rampah,122305
1223052016,Bulungihit,122305
1223052017,Aek Hitetoras,122305
1223052018,Sumber Mulyo,122305
1223061001,Aek Kota Batu,122306
1223062002,Pematang,122306
1223062003,Batu Tunggal,122306
1223062004,Sungai Raja,122306
1223062005,Perkebunan Berangir,122306
1223062006,Silumajang,122306
1223062007,Pulo Jantan,122306
1223062008,Kampung Pajak,122306
1223062009,Meranti Omas,122306
1223062010,Hatapang,122306
1223062011,Pasang Lela,122306
1223062012,Simpang Marbau,122306
1223062013,Bangun Rejo,122306
1223071001,Bandar Durian,122307
1223072002,Poldung,122307
1223072003,Rombisan,122307
1223072004,Sibito,122307
1223072005,Simonis,122307
1223072006,Perk. Aek Pamienke,122307
1223072007,Pangkalan,122307
1223072008,Adian Torop,122307
1223072009,Ujung Padang,122307
1223072010,Kampung Yaman,122307
1223072011,Terang Bulan,122307
1223072012,Perkebunan Halimbe,122307
1223081001,Gunting Saga,122308
1223082002,Damuli Pekan,122308
1223082003,Siamporik,122308
1223082004,Lobu Huala,122308
1223082005,Gunung Melayu,122308
1223082006,Damuli Kebun,122308
1223082007,Hasang,122308
1223082008,Bandar Lama,122308
1223082009,Sidua Dua,122308
1223082010,Simangalam,122308
1223082011,Tanjung Pasir,122308
1223082012,Sialang Taji,122308
1224012001,Hilidundra,122401
1224012002,Lawira Satua,122401
1224012003,Fadoro Fulolo,122401
1224012004,Lawira I,122401
1224012005,Hiligodu,122401
1224012007,Maziaya,122401
1224012008,Baho,122401
1224012009,Lolofaoso,122401
1224012010,Lawira II,122401
1224012011,Dahadano,122401
1224012012,Lolomboli,122401
1224012013,Hiligeo Afia,122401
1224022002,Ombolata Sawo,122402
1224022003,Sanawuyu,122402
1224022004,Onozitoli Sawo,122402
1224022005,Sifahandro,122402
1224022006,Sisarahili Teluk Siabang,122402
1224022007,Lasara Sawo,122402
1224022008,Sawo,122402
1224022009,Hiliduruwa,122402
1224022010,Teluk Bengkuang,122402
1224032001,Botolakha,122403
1224032002,Siofa Banua,122403
1224032005,Ladara,122403
1224032006,Banua Gea,122403
1224032007,Silima Banua,122403
1224032008,Fino,122403
1224042001,Tetehosi Maziaya,122404
1224042002,Umbubalodano,122404
1224042003,Hilimbosi,122404
1224042006,Botombawo,122404
1224052001,Berua,122405
1224052002,Esiwa,122405
1224052003,Dahana Hiligodu,122405
1224052004,Hilibanua,122405
1224052005,Sisarahili,122405
1224052006,Sisobahili,122405
1224052007,Lasara,122405
1224052008,Namohalu,122405
1224052009,Tuhenakhe I,122405
1224052010,Orahili,122405
1224052011,Banua Sibohou,122405
1224062001,Banua Sibohou III,122406
1224062002,Harefanaese,122406
1224062003,Hilimbowo Kare,122406
1224062004,Laehuwa,122406
1224062005,Mazingo,122406
1224072001,Bitaya,122407
1224072002,Lahemboho,122407
1224072003,Anaoma,122407
1224072004,Dahana Tugala Oyo,122407
1224072005,Fulolo,122407
1224072006,Hiligawoni,122407
1224072007,Ononamolo Tumula,122407
1224072008,Banua Sibohou I,122407
1224072009,Ombolata,122407
1224072010,Banua Sibohou II,122407
1224072011,Dahana Alasa,122407
1224072012,Ononamolo Alasa,122407
1224072014,Hilisebua,122407
1224082002,Siwawo,122408
1224082003,Fabaliwa Oyo,122408
1224082004,Ononazara,122408
1224082005,Humene Siheneasi,122408
1224082006,Gunung Tua,122408
1224082008,Harefa,122408
1224092001,Afulu,122409
1224092002,Lauru Fadoro,122409
1224092003,Lauru I,122409
1224092004,Ombolata Afulu,122409
1224092005,Harewakhe,122409
1224092006,Sisobahili,122409
1224092007,Lauru Lahewa,122409
1224101001,Pasar Lahewa,122410
1224102002,Iraono Lase,122410
1224102003,Holi,122410
1224102005,Hilizukhu,122410
1224102006,Onozalukhu,122410
1224102008,Hiligodu Hoya,122410
1224102009,Sitolubanua,122410
1224102010,Hilihati,122410
1224102011,Fadoro Sitolu Hili,122410
1224102012,Marafala,122410
1224102013,Hiligawolo,122410
1224102014,Balefadoro Tuho,122410
1224102015,Ombolata,122410
1224102016,Afia,122410
1224102017,Moawo,122410
1224102018,Lasara,122410
1224102020,Fadoro Hilimbowo,122410
1224102021,Fadoro Hilihambawa,122410
1224112001,Laowowaga,122411
1224112002,Lukhu Lase,122411
1224112003,Tetehosi Sorowi,122411
1224112005,Tugala Lauru,122411
1224112006,Muzoi,122411
1224112007,Meafu,122411
1225012001,Sisobaoho,122501
1225012002,Bawozamaiwo,122501
1225012003,Sitolubanua,122501
1225012004,Lologundre,122501
1225012005,Iraonogaila,122501
1225012006,Tigaserangkai,122501
1225012007,Onowaembo,122501
1225012008,Onolimbu,122501
1225012009,Haliadulo,122501
1225012010,Sisobambowo,122501
1225012011,Lolowau,122501
1225022001,Bawosaloo,122502
1225022002,Imana,122502
1225022003,Tuwa Tuwa,122502
1225022004,Kafo Kafo,122502
1225022005,Bawasawa,122502
1225022006,Pulau Bogi,122502
1225022007,Halamona,122502
1225022008,Hanofa,122502
1225022009,Lahawa,122502
1225022010,Hinako,122502
1225022011,Sineneeto,122502
1225022012,Balowondrate,122502
1225022013,Hilimberuanaa,122502
1225022014,Lahusa,122502
1225022015,Ombolata,122502
1225022016,Tetehosi,122502
1225022017,Togimbogi,122502
1225022018,Sisobandrao,122502
1225022019,Fadoro,122502
1225022020,Tugala Gawu,122502
1225022021,Sirombu,122502
1225022022,Togideu,122502
1225022023,Tugala,122502
1225022024,Orahili,122502
1225022025,Gunungcahaya,122502
1225032001,Onolimbu Raya,122503
1225032002,Ononamolo III,122503
1225032003,Sisobaoho,122503
1225032004,Iraonogeba,122503
1225032005,Lolohia,122503
1225032006,Fadorosifulubanua,122503
1225032007,Hillidaura,122503
1225032008,Sisarahili II,122503
1225032009,Lasara Bagawu,122503
1225032010,Sisobandrao,122503
1225032011,Mazingo,122503
1225032012,Onolimbu You,122503
1225032013,Lasarafaga,122503
1225032014,Orahili Badalu,122503
1225042001,Hiliwaloo II,122504
1225042002,Gunungbaru,122504
1225042003,Hilisoromi,122504
1225042004,Siduahili,122504
1225042005,Sitolubanua Fadoro,122504
1225042006,Halifadolo,122504
1225042007,Lasara Bahili,122504
1225042008,Hiliwaele,122504
1225042009,Sitoluewali,122504
1225042010,Onozalukhu You,122504
1225052001,Simaeasi,122505
1225052002,Lologolu,122505
1225052003,Tuwuna,122505
1225052004,Tuhemberua,122505
1225052005,Lolozirugi,122505
1225052006,Lakhene,122505
1225052007,Hiliwaloo I,122505
1225052008,Sianaa,122505
1225052009,Fadoro,122505
1225052010,Iraonogambo,122505
1225052011,Tuhoowo,122505
1225052012,Fadoro Bahili,122505
1225052013,Tumori,122505
1225052014,Lasara Baene,122505
1225052015,Tetehosi,122505
1225052016,Sisarahili I,122505
1225052017,Doli-Doli,122505
1225052018,Hayo,122505
1225052019,Zuzundrao,122505
1225052020,Sisobambowo,122505
1225062001,Balodano,122506
1225062002,Hiambanua,122506
1225062003,Hilimayo,122506
1225062004,Sihareo,122506
1225062005,Lolomboli,122506
1225062006,Ononamolo I,122506
1225062007,Hilimbaruzo,122506
1225062008,Tarahoso,122506
1225062009,Ononamolo II,122506
1225062010,Taraha,122506
1225062011,Lahagu,122506
1225062012,Hilimbowo,122506
1225072001,Sisobawino II,122507
1225072002,Duria,122507
1225072003,Ambukha,122507
1225072004,Hilimbowo Mau,122507
1225072005,Hilimbuasi,122507
1225072006,Lolofitu,122507
1225072007,Hiliuso,122507
1225072008,Wango,122507
1225082001,Bukit Tinggi,122508
1225082002,Lawelu,122508
1225082003,Saloo,122508
1225082004,Hilisangawola,122508
1225082005,Hilibadalu,122508
1271011001,Pasar Baru,127101
1271011002,Pusat Pasar,127101
1271011003,Sei Rengas I,127101
1271011004,Mesjid,127101
1271011005,Pandau Hulu I,127101
1271011006,Kota Matsum III,127101
1271011007,Pasar Merah Barat,127101
1271011008,Teladan Timur,127101
1271011009,Teladan Barat,127101
1271011010,Sudirejo I,127101
1271011011,Sudirejo II,127101
1271011012,Sitirejo I,127101
1271021001,Lalang,127102
1271021002,Sei Sikambing B,127102
1271021003,Sunggal,127102
1271021004,Babura Sunggal,127102
1271021005,Tanjung Rejo,127102
1271021006,Simpang Tanjung,127102
1271031001,Helvetia,127103
1271031002,Helvetia Tengah,127103
1271031003,Helvetia Timur,127103
1271031004,Tanjung Gusta,127103
1271031005,Cinta Damai,127103
1271031006,Dwi Kora,127103
1271031007,Sei Sikambing C II,127103
1271041001,Tegal S Mandala I,127104
1271041002,Tegal S Mandala II,127104
1271041003,Tegal S Mandala III,127104
1271041004,Denai,127104
1271041005,Binjai,127104
1271041006,Medan Tenggara,127104
1271051001,Kesawan,127105
1271051002,Silalas,127105
1271051003,Glugur Kota,127105
1271051004,Pulo Berayan Kota,127105
1271051005,Sei Agul,127105
1271051006,Karang Berombak,127105
1271061001,Titipapan,127106
1271061002,Tanjung Mulia Hilir,127106
1271061003,Tanjung Mulya,127106
1271061004,Kota Bangun,127106
1271061005,Mabar,127106
1271061006,Mabar Hilir,127106
1271071001,Tanjung Selamat,127107
1271071002,Simpang Selayang,127107
1271071003,Namo Gajah,127107
1271071004,Kemenangan Tani,127107
1271071005,Laucih,127107
1271071006,Sidomulyo,127107
1271071007,Ladang Bambu,127107
1271071008,Simalingkar B,127107
1271071009,Mangga,127107
1271081001,Belawan I,127108
1271081002,Belawan II,127108
1271081003,Belawan Bahagia,127108
1271081004,Belawan Bahari,127108
1271081005,Belawan Sicanang,127108
1271081006,Bagan Deli,127108
1271091001,Amplas,127109
1271091002,Sitirejo II,127109
1271091003,Sitirejo III,127109
1271091004,Harjosari I,127109
1271091005,Harjosari II,127109
1271091006,Timbang Deli,127109
1271091007,Bangun Mulia,127109
1271101001,Sukaramai I,127110
1271101002,Sukaramai II,127110
1271101003,Sei Rengas II,127110
1271101004,S. Rengas Permata,127110
1271101005,Pandau Hulu II,127110
1271101006,Kota Matsum I,127110
1271101007,Kota Matsum II,127110
1271101008,Kota Matsum IV,127110
1271101009,Pasar Merah Timur,127110
1271101010,Tegal Sari I,127110
1271101011,Tegal Sari II,127110
1271101012,Tegal Sari III,127110
1271111001,Suka Maju,127111
1271111002,Titi Kuning,127111
1271111003,Kedai Durian,127111
1271111004,Pangkalan Mansur,127111
1271111005,Gedung Johor,127111
1271111006,Kwala Bekala,127111
1271121001,Labuhan Deli,127112
1271121002,Rengas Pulau,127112
1271121003,Terjun,127112
1271121004,Tanah Enam Ratus,127112
1271121005,Paya Pasir,127112
1271131001,Pekan Labuhan,127113
1271131002,Sei Mati,127113
1271131003,Besar,127113
1271131004,Martubung,127113
1271131005,Nelayan Indah,127113
1271131006,Tangkahan,127113
1271141001,Indra Kasih,127114
1271141002,Sidorejo Hilir,127114
1271141003,Sidorejo,127114
1271141004,Bantan,127114
1271141005,Tembung,127114
1271141006,Bandar Selamat,127114
1271141007,Bantan Timur,127114
1271151001,A u r,127115
1271151002,Hamdan,127115
1271151003,J a t i,127115
1271151004,Sukaraja,127115
1271151005,Sei Mati,127115
1271151006,Kampung Baru,127115
1271161001,Madras Hulu,127116
1271161002,Polonia,127116
1271161003,Sari Rejo,127116
1271161004,Suka Damai,127116
1271161005,Anggrung,127116
1271171001,Petisah Hulu,127117
1271171002,Babura,127117
1271171003,Merdeka,127117
1271171004,Darat,127117
1271171005,Padang Bulan,127117
1271171006,Titi Rante,127117
1271181001,Pandau Hilir,127118
1271181002,Pahlawan,127118
1271181003,Sei Kera Hilir I,127118
1271181004,Sei Kera Hilir II,127118
1271181005,Sei Kera Hulu,127118
1271181006,Sidorame Timur,127118
1271181007,Sidorame Barat I,127118
1271181008,Sidorame Barat II,127118
1271181009,Tegalrejo,127118
1271191001,Petisah Tengah,127119
1271191002,Sekip,127119
1271191003,Sei Sikambing D,127119
1271191004,Sei Putih Barat,127119
1271191005,Sei Putih Tengah,127119
1271191006,Sei Putih Timur I,127119
1271191007,Sei Putih Timur II,127119
1271201001,Gang Buntu,127120
1271201002,Sidodadi,127120
1271201003,Durian,127120
1271201004,Glugur Darat I,127120
1271201005,Glugur Darat II,127120
1271201006,P Berayan Darat I,127120
1271201007,P Berayan Darat II,127120
1271201008,P Berayan Bengkel,127120
1271201009,PB Bengkel Baru,127120
1271201010,Perintis,127120
1271201011,Gaharu,127120
1271211001,Asam Kumbang,127121
1271211002,Tanjungsari,127121
1271211003,P Bulan Selayang II,127121
1271211004,Beringin,127121
1271211005,P Bulan Selayang I,127121
1271211006,Sempakata,127121
1272011001,Kebun Sayur,127201
1272011002,Tomuan,127201
1272011003,Pahlawan,127201
1272011004,Asuhan,127201
1272011005,Merdeka,127201
1272011006,Pardomuan,127201
1272011007,Siopat Suhu,127201
1272021001,Dwikora,127202
1272021002,Proklamasi,127202
1272021003,Bantan,127202
1272021004,Timbang Galung,127202
1272021005,Simarito,127202
1272021006,Sipinggolpinggol,127202
1272021007,Banjar,127202
1272021008,Teladan,127202
1272031001,Melayu,127203
1272031002,Martoba,127203
1272031003,Baru,127203
1272031004,Sukadame,127203
1272031005,Kahean,127203
1272031006,Sigulanggulang,127203
1272031007,Bane,127203
1272041001,Toba,127204
1272041002,Karo,127204
1272041003,Simalungun,127204
1272041004,Martimbang,127204
1272041005,Kristen,127204
1272041006,Aek Nauli,127204
1272051002,Sukaraja,127205
1272051005,Baringin Pancur Nauli,127205
1272051006,Pardamean,127205
1272051007,Sukamaju,127205
1272051008,Parhorasan Nauli,127205
1272051009,Sukamakmur,127205
1272051010,Mekar Nauli,127205
1272061001,Sumber Jaya,127206
1272061003,Tambun Nabolon,127206
1272061007,Naga Pita,127206
1272061008,Pondok Sayur,127206
1272061009,Tanjung Tongah,127206
1272061010,Naga Pitu,127206
1272061011,Tanjung Pinggir,127206
1272071001,Gurilla,127207
1272071002,Bah Kapul,127207
1272071003,Setia Negara,127207
1272071004,Bukit Sofa,127207
1272071005,Bah Sorma,127207
1272081001,Simarimbun,127208
1272081002,Tong Marimbun,127208
1272081003,Naga Huta,127208
1272081004,Naga Huta Timur,127208
1272081005,Pematang Marihat,127208
1272081006,Marihat Jaya,127208
1273011001,Huta Barangan,127301
1273011002,Angin Nauli,127301
1273011003,Huta Tonga-tonga,127301
1273011004,Sibolga Ilir,127301
1273011005,Simare-Mare,127301
1273021001,Kota Baringin,127302
1273021002,Pasar Baru,127302
1273021003,Pasar Belakang,127302
1273021004,Pancuran Gerobak,127302
1273031001,Aek Habil,127303
1273031002,Aek Manis,127303
1273031003,Aek Muara Pinang,127303
1273031004,Aek Parombunan,127303
1273041001,Pancuran Kerambil,127304
1273041002,Pancuran Dewa,127304
1273041003,Pancuran Pinang,127304
1273041004,Pancuran Bambu,127304
1274011001,Tanjungbalai Kota I,127401
1274011002,Tanjungbalai Kota II,127401
1274011003,Perwira,127401
1274011004,Karya,127401
1274011005,Pantai Burung,127401
1274011006,Indra Sakti,127401
1274021001,Tanjungbalai Kota III,127402
1274021002,Tanjungbalai Kota IV,127402
1274021003,Sejahtera,127402
1274021004,Kuala Silo Bestari,127402
1274021005,Matahalasan,127402
1274031001,Keramat Kubah,127403
1274031002,Sumber Sari,127403
1274031003,Muara Sentosa,127403
1274031004,Pasar Baru,127403
1274031005,Sei Raja,127403
1274041001,Sei Merbau,127404
1274041002,Pematang Pasir,127404
1274041003,Perjuangan,127404
1274041004,Kapias Pulau Buaya,127404
1274041005,Beting Kuala Kapias,127404
1274051003,Gading,127405
1274051004,Sirantau,127405
1274051005,Sijambi,127405
1274051006,Pahang,127405
1274051010,Pantai Johor,127405
1274061001,Pulau Simardan,127406
1274061002,Semula Jadi,127406
1274061003,Selat Lancang,127406
1274061004,Bunga Tanjung,127406
1274061005,Selat Tanjung Medan,127406
1275011001,Pahlawan,127501
1275011002,Jati Negara,127501
1275011003,Nangka,127501
1275011004,Damai,127501
1275011005,Kebun Lada,127501
1275011006,Cengkeh Turi,127501
1275011007,Jati Utomo,127501
1275011008,Jati Makmur,127501
1275011009,Jati Karya,127501
1275021001,Berngam,127502
1275021002,Satria,127502
1275021003,Setia,127502
1275021004,Kartini,127502
1275021005,Tangsi,127502
1275021006,Binjai,127502
1275021007,Pekan Binjai,127502
1275031001,Bandar Senembah,127503
1275031002,Limau Mungkur,127503
1275031003,Limau Sundai,127503
1275031004,Paya Roba,127503
1275031005,Suka Maju,127503
1275031006,Sukaramai,127503
1275041001,Tanah Tinggi,127504
1275041002,Dataran Tinggi,127504
1275041003,Timbang Langkat,127504
1275041004,Mencirim,127504
1275041005,Tunggurono,127504
1275041006,Sumber Mulyorejo,127504
1275041007,Sumber Karya,127504
1275051001,Tanah Merah,127505
1275051002,Binjai Estate,127505
1275051003,Bhakti Karya,127505
1275051004,Rambung Dalam,127505
1275051005,Pujidadi,127505
1275051006,Tanah Seribu,127505
1275051007,Rambung Barat,127505
1275051008,Rambung Timur,127505
1276011001,Pabatu,127601
1276011002,Lubuk Baru,127601
1276011006,Persiakan,127601
1276011007,Bandar Sono,127601
1276011010,Tualang,127601
1276011011,Padang Merbau,127601
1276011012,Lubuk Raya,127601
1276021004,Rantau Laban,127602
1276021007,Karya Jaya,127602
1276021009,Lalang,127602
1276021010,Tanjung Marulak,127602
1276021011,Sri Padang,127602
1276021012,Tanjung Marulak Hilir,127602
1276021013,Mekar Sentosa,127602
1276031001,Bagelen,127603
1276031002,Tambangan,127603
1276031004,Tebing Tinggi,127603
1276031006,Satria,127603
1276031007,Damar Sari,127603
1276031008,Tambangan Hulu,127603
1276031009,Deblod Sundoro,127603
1276041001,Durian,127604
1276041002,Pelita,127604
1276041003,Bulian,127604
1276041004,Berohol,127604
1276041005,Bandar Sakti,127604
1276041006,Pinang Mancung,127604
1276041007,Teluk Karang,127604
1276051001,Mandailing,127605
1276051002,Pasar Baru,127605
1276051003,Pasar Gambir,127605
1276051004,Badak Bejuang,127605
1276051005,Bandar Utama,127605
1276051006,Rambung,127605
1276051007,Tebing Tinggi Lama,127605
1277011001,Wek I,127701
1277011002,Wek II,127701
1277011003,Wek III,127701
1277011004,Wek IV,127701
1277011005,Tanobato,127701
1277011006,Tobat,127701
1277011007,Batang Ayumi Jae,127701
1277011008,Batang Ayumi Julu,127701
1277011009,Sadabuan,127701
1277011010,Panyanggar,127701
1277011011,Bonan Dolok,127701
1277011012,Losung Batu.,127701
1277011013,Timbangan,127701
1277011014,Bincar,127701
1277011015,Kantin,127701
1277011016,Kayu Ombun,127701
1277021001,Wek V,127702
1277021002,Wek VI,127702
1277021003,Losung,127702
1277021004,Sitamiang,127702
1277021005,Ujung Padang,127702
1277021006,Aek Tampang,127702
1277021007,Padang Matinggi,127702
1277021008,Silandit,127702
1277021009,Sidangkal,127702
1277021010,Hanopan,127702
1277021011,Padang Matinggi Lestari,127702
1277021012,Sitamiang Baru,127702
1277031001,Batunadua Jae,127703
1277031002,Batunadua Julu,127703
1277032003,Purwodadi,127703
1277032004,Gunung Hasahatan,127703
1277032005,Ujunggurap,127703
1277032006,Aek Tuhul,127703
1277032007,Baruas,127703
1277032008,Siloting,127703
1277032009,Aek Bayur,127703
1277032010,Pudun Jae,127703
1277032011,Pudun Julu,127703
1277032012,Batang Bahal,127703
1277032013,Aek Najaji,127703
1277032014,Simirik,127703
1277032015,Bargottopong,127703
1277041001,Hutaimbaru,127704
1277041002,Lubuk Raya,127704
1277041003,Sabungan Jae,127704
1277041004,Lembah Lubuk Manik,127704
1277041005,Palopat Maria,127704
1277042006,Sabungan Sipabangun,127704
1277042007,Singali,127704
1277042008,Huta Padang,127704
1277042009,Partihaman Saroha,127704
1277042010,Tinjoman Lama,127704
1277051001,Sihitang,127705
1277051002,Pijor Koling,127705
1277052003,Palopat Pijor Koling,127705
1277052004,Salambue,127705
1277052005,Purbatua Pijor Koling,127705
1277052006,Sigulang,127705
1277052007,Manunggang Julu,127705
1277052008,Goti,127705
1277052009,Manegen,127705
1277052010,Huta Koje,127705
1277052011,Hutalimbong,127705
1277052012,Huta Padang,127705
1277052013,Perkebunan Pijor Koling,127705
1277052014,Labuhan Labo,127705
1277052015,Huta Lombang,127705
1277052016,Manunggang Jae,127705
1277052017,Labuhan Rasoki,127705
1277052018,Tarutung Baru,127705
1277062001,Joring Lombang,127706
1277062002,Batu Layan,127706
1277062003,Simasom,127706
1277062004,Pintu Langit Jae,127706
1277062005,Mompang,127706
1277062006,Rimba Soping,127706
1277062007,Simatohir,127706
1277062008,Joring Natobang,127706
1278011030,Pasar Gunungsitoli,127801
1278011031,Saombo,127801
1278011032,Ilir,127801
1278012001,Bawodesolo,127801
1278012002,Boyo,127801
1278012003,Dahadano,127801
1278012004,Dahana Tabaloho,127801
1278012005,Fadoro Lasara,127801
1278012006,Hilihao,127801
1278012007,Hilimbaruzo,127801
1278012009,Iraonogeba,127801
1278012010,Lasara Bahili,127801
1278012012,Madula,127801
1278012013,Madolaoli,127801
1278012014,Mudik,127801
1278012015,Miga,127801
1278012017,Ombolata Ulu,127801
1278012018,Onowaembo,127801
1278012019,Onozitoli Olora,127801
1278012020,Onozitoli Sifaoroasi,127801
1278012021,Saewe,127801
1278012022,Sifalaete Tabaloho,127801
1278012023,Sifalaete Ulu,127801
1278012025,Simandraolo,127801
1278012026,Sisarahiligamo,127801
1278012027,Sisarahili Sisambualahe,127801
1278012028,Sisobahili Tabaloho,127801
1278012029,Tuhemberua Ulu,127801
1278022001,Ononamolo I Lot,127802
1278022002,Fodo,127802
1278022003,Faekhu,127802
1278022004,Lolofaoso Tabaloho,127802
1278022005,Lolomboli,127802
1278022006,Mazingo Tabaloho,127802
1278022007,Onozitoli Tabaloho,127802
1278022008,Lololakha,127802
1278022010,Ombolata Simenari,127802
1278022011,Hiligara,127802
1278022012,Luahalaraga,127802
1278022014,Hiligodu Ombolata,127802
1278022015,Tetehosi Ombolata,127802
1278032001,Afia,127803
1278032003,Lasara Sowu,127803
1278032004,Telukbelukar,127803
1278032005,Tetehosi Afia,127803
1278032006,Hambawa,127803
1278032008,Olora,127803
1278032009,Hilimbowo Olora,127803
1278032010,Hiligodu Ulu,127803
1278042001,Sifalaete,127804
1278042002,Hilimbawodesolo,127804
1278042003,Dahana,127804
1278042004,Bawodesolo,127804
1278042005,Tuhegeo I,127804
1278042006,Simanaere,127804
1278042007,Humene,127804
1278042008,Siwalubanua II,127804
1278042009,Helefanikha,127804
1278042010,Tetehosi I,127804
1278042011,Fowa,127804
1278042012,Binaka,127804
1278042013,Idanotae,127804
1278042014,Tetehosi II,127804
1278042016,Siwalubanua I,127804
1278042017,Hilihambawa,127804
1278042019,Lewuoguru Idanoi,127804
1278042020,Fadoro,127804
1278042021,Hiliweto Idanoi,127804
1278042022,Hilimbowo Idanoi,127804
1278042023,Onowaembo,127804
1278042024,Ombolata,127804
1278042025,Samasi,127804
1278042026,Tuhegeo II,127804
1278052003,Iraonolase,127805
1278052005,Tarakhaini,127805
1278052006,Fadoro Hilimbowo,127805
1278052007,Fadoro You,127805
1278052008,Lololawa,127805
1278052009,Nazalou Lolowua,127805
1278062001,Tumori,127806
1278062002,Tumori Balohili,127806
1278062003,Orahili Tumori,127806
1278062004,Gada,127806
1278062005,Lolomoyo Tuhemberua,127806
1278062007,Hilinakhe,127806
1278062008,Onozikho,127806
1278062009,Ononamolo II Lot,127806